episode_name|episode_link|episode_season
Simpsons Roasting on an Open Fire|https://simpsonswiki.com/wiki/Simpsons_Roasting_on_an_Open_Fire|1
Bart the Genius|https://simpsonswiki.com/wiki/Bart_the_Genius|1
Homer's Odyssey|https://simpsonswiki.com/wiki/Homer%27s_Odyssey|1
There's No Disgrace Like Home|https://simpsonswiki.com/wiki/There%27s_No_Disgrace_Like_Home|1
Bart the General|https://simpsonswiki.com/wiki/Bart_the_General|1
Moaning Lisa|https://simpsonswiki.com/wiki/Moaning_Lisa|1
The Call of the Simpsons|https://simpsonswiki.com/wiki/The_Call_of_the_Simpsons|1
The Telltale Head|https://simpsonswiki.com/wiki/The_Telltale_Head|1
Life on the Fast Lane|https://simpsonswiki.com/wiki/Life_on_the_Fast_Lane|1
Homer's Night Out|https://simpsonswiki.com/wiki/Homer%27s_Night_Out|1
The Crepes of Wrath|https://simpsonswiki.com/wiki/The_Crepes_of_Wrath|1
Krusty Gets Busted|https://simpsonswiki.com/wiki/Krusty_Gets_Busted|1
Some Enchanted Evening|https://simpsonswiki.com/wiki/Some_Enchanted_Evening|1
"Bart Gets an ""F"""|https://simpsonswiki.com/wiki/Bart_Gets_an_%22F%22|2
Simpson and Delilah|https://simpsonswiki.com/wiki/Simpson_and_Delilah|2
Treehouse of Horror|https://simpsonswiki.com/wiki/Treehouse_of_Horror|2
Two Cars in Every Garage and Three Eyes on Every Fish|https://simpsonswiki.com/wiki/Two_Cars_in_Every_Garage_and_Three_Eyes_on_Every_Fish|2
Dancin' Homer|https://simpsonswiki.com/wiki/Dancin%27_Homer|2
Dead Putting Society|https://simpsonswiki.com/wiki/Dead_Putting_Society|2
Bart vs. Thanksgiving|https://simpsonswiki.com/wiki/Bart_vs._Thanksgiving|2
Bart the Daredevil|https://simpsonswiki.com/wiki/Bart_the_Daredevil|2
Itchy & Scratchy & Marge|https://simpsonswiki.com/wiki/Itchy_%26_Scratchy_%26_Marge|2
Bart Gets Hit by a Car|https://simpsonswiki.com/wiki/Bart_Gets_Hit_by_a_Car|2
One Fish, Two Fish, Blowfish, Blue Fish|https://simpsonswiki.com/wiki/One_Fish,_Two_Fish,_Blowfish,_Blue_Fish|2
The Way We Was|https://simpsonswiki.com/wiki/The_Way_We_Was|2
Homer vs. Lisa and the 8th Commandment|https://simpsonswiki.com/wiki/Homer_vs._Lisa_and_the_8th_Commandment|2
Principal Charming|https://simpsonswiki.com/wiki/Principal_Charming|2
Oh Brother, Where Art Thou?|https://simpsonswiki.com/wiki/Oh_Brother,_Where_Art_Thou%3F|2
"Bart's Dog Gets an ""F"""|https://simpsonswiki.com/wiki/Bart%27s_Dog_Gets_an_%22F%22|2
Old Money|https://simpsonswiki.com/wiki/Old_Money|2
Brush with Greatness|https://simpsonswiki.com/wiki/Brush_with_Greatness|2
Lisa's Substitute|https://simpsonswiki.com/wiki/Lisa%27s_Substitute|2
The War of the Simpsons|https://simpsonswiki.com/wiki/The_War_of_the_Simpsons|2
Three Men and a Comic Book|https://simpsonswiki.com/wiki/Three_Men_and_a_Comic_Book|2
Blood Feud|https://simpsonswiki.com/wiki/Blood_Feud|2
Stark Raving Dad|https://simpsonswiki.com/wiki/Stark_Raving_Dad|3
Mr. Lisa Goes to Washington|https://simpsonswiki.com/wiki/Mr._Lisa_Goes_to_Washington|3
When Flanders Failed|https://simpsonswiki.com/wiki/When_Flanders_Failed|3
Bart the Murderer|https://simpsonswiki.com/wiki/Bart_the_Murderer|3
Homer Defined|https://simpsonswiki.com/wiki/Homer_Defined|3
Like Father, Like Clown|https://simpsonswiki.com/wiki/Like_Father,_Like_Clown|3
Treehouse of Horror II|https://simpsonswiki.com/wiki/Treehouse_of_Horror_II|3
Lisa's Pony|https://simpsonswiki.com/wiki/Lisa%27s_Pony|3
Saturdays of Thunder|https://simpsonswiki.com/wiki/Saturdays_of_Thunder|3
Flaming Moe's|https://simpsonswiki.com/wiki/Flaming_Moe%27s|3
Burns Verkaufen der Kraftwerk|https://simpsonswiki.com/wiki/Burns_Verkaufen_der_Kraftwerk|3
I Married Marge|https://simpsonswiki.com/wiki/I_Married_Marge|3
Radio Bart|https://simpsonswiki.com/wiki/Radio_Bart|3
Lisa the Greek|https://simpsonswiki.com/wiki/Lisa_the_Greek|3
Homer Alone|https://simpsonswiki.com/wiki/Homer_Alone|3
Bart the Lover|https://simpsonswiki.com/wiki/Bart_the_Lover|3
Homer at the Bat|https://simpsonswiki.com/wiki/Homer_at_the_Bat|3
Separate Vocations|https://simpsonswiki.com/wiki/Separate_Vocations|3
Dog of Death|https://simpsonswiki.com/wiki/Dog_of_Death|3
Colonel Homer|https://simpsonswiki.com/wiki/Colonel_Homer|3
Black Widower|https://simpsonswiki.com/wiki/Black_Widower|3
The Otto Show|https://simpsonswiki.com/wiki/The_Otto_Show|3
Bart's Friend Falls in Love|https://simpsonswiki.com/wiki/Bart%27s_Friend_Falls_in_Love|3
Brother, Can You Spare Two Dimes?|https://simpsonswiki.com/wiki/Brother,_Can_You_Spare_Two_Dimes%3F|3
Kamp Krusty|https://simpsonswiki.com/wiki/Kamp_Krusty|4
A Streetcar Named Marge|https://simpsonswiki.com/wiki/A_Streetcar_Named_Marge|4
Homer the Heretic|https://simpsonswiki.com/wiki/Homer_the_Heretic|4
Lisa the Beauty Queen|https://simpsonswiki.com/wiki/Lisa_the_Beauty_Queen|4
Treehouse of Horror III|https://simpsonswiki.com/wiki/Treehouse_of_Horror_III|4
Itchy & Scratchy: The Movie|https://simpsonswiki.com/wiki/Itchy_%26_Scratchy:_The_Movie|4
Marge Gets a Job|https://simpsonswiki.com/wiki/Marge_Gets_a_Job|4
New Kid on the Block|https://simpsonswiki.com/wiki/New_Kid_on_the_Block|4
Mr. Plow|https://simpsonswiki.com/wiki/Mr._Plow|4
Lisa's First Word|https://simpsonswiki.com/wiki/Lisa%27s_First_Word|4
Homer's Triple Bypass|https://simpsonswiki.com/wiki/Homer%27s_Triple_Bypass|4
Marge vs. the Monorail|https://simpsonswiki.com/wiki/Marge_vs._the_Monorail|4
Selma's Choice|https://simpsonswiki.com/wiki/Selma%27s_Choice|4
Brother from the Same Planet|https://simpsonswiki.com/wiki/Brother_from_the_Same_Planet|4
I Love Lisa|https://simpsonswiki.com/wiki/I_Love_Lisa|4
Duffless|https://simpsonswiki.com/wiki/Duffless|4
Last Exit to Springfield|https://simpsonswiki.com/wiki/Last_Exit_to_Springfield|4
So It's Come to This: A Simpsons Clip Show|https://simpsonswiki.com/wiki/So_It%27s_Come_to_This:_A_Simpsons_Clip_Show|4
The Front|https://simpsonswiki.com/wiki/The_Front|4
Whacking Day|https://simpsonswiki.com/wiki/Whacking_Day|4
Marge in Chains|https://simpsonswiki.com/wiki/Marge_in_Chains|4
Krusty Gets Kancelled|https://simpsonswiki.com/wiki/Krusty_Gets_Kancelled|4
Homer's Barbershop Quartet|https://simpsonswiki.com/wiki/Homer%27s_Barbershop_Quartet|5
Cape Feare|https://simpsonswiki.com/wiki/Cape_Feare|5
Homer Goes to College|https://simpsonswiki.com/wiki/Homer_Goes_to_College|5
Rosebud|https://simpsonswiki.com/wiki/Rosebud|5
Treehouse of Horror IV|https://simpsonswiki.com/wiki/Treehouse_of_Horror_IV|5
Marge on the Lam|https://simpsonswiki.com/wiki/Marge_on_the_Lam|5
Bart's Inner Child|https://simpsonswiki.com/wiki/Bart%27s_Inner_Child|5
Boy-Scoutz 'n the Hood|https://simpsonswiki.com/wiki/Boy-Scoutz_%27n_the_Hood|5
The Last Temptation of Homer|https://simpsonswiki.com/wiki/The_Last_Temptation_of_Homer|5
$pringfield (Or, How I Learned to Stop Worrying and Love Legalized Gambling)|https://simpsonswiki.com/wiki/$pringfield_(Or,_How_I_Learned_to_Stop_Worrying_and_Love_Legalized_Gambling)|5
Homer the Vigilante|https://simpsonswiki.com/wiki/Homer_the_Vigilante|5
Bart Gets Famous|https://simpsonswiki.com/wiki/Bart_Gets_Famous|5
Homer and Apu|https://simpsonswiki.com/wiki/Homer_and_Apu|5
Lisa vs. Malibu Stacy|https://simpsonswiki.com/wiki/Lisa_vs._Malibu_Stacy|5
Deep Space Homer|https://simpsonswiki.com/wiki/Deep_Space_Homer|5
Homer Loves Flanders|https://simpsonswiki.com/wiki/Homer_Loves_Flanders|5
Bart Gets an Elephant|https://simpsonswiki.com/wiki/Bart_Gets_an_Elephant|5
Burns' Heir|https://simpsonswiki.com/wiki/Burns%27_Heir|5
Sweet Seymour Skinner's Baadasssss Song|https://simpsonswiki.com/wiki/Sweet_Seymour_Skinner%27s_Baadasssss_Song|5
The Boy Who Knew Too Much|https://simpsonswiki.com/wiki/The_Boy_Who_Knew_Too_Much|5
Lady Bouvier's Lover|https://simpsonswiki.com/wiki/Lady_Bouvier%27s_Lover|5
Secrets of a Successful Marriage|https://simpsonswiki.com/wiki/Secrets_of_a_Successful_Marriage|5
Bart of Darkness|https://simpsonswiki.com/wiki/Bart_of_Darkness|6
Lisa's Rival|https://simpsonswiki.com/wiki/Lisa%27s_Rival|6
Another Simpsons Clip Show|https://simpsonswiki.com/wiki/Another_Simpsons_Clip_Show|6
Itchy & Scratchy Land|https://simpsonswiki.com/wiki/Itchy_%26_Scratchy_Land|6
Sideshow Bob Roberts|https://simpsonswiki.com/wiki/Sideshow_Bob_Roberts|6
Treehouse of Horror V|https://simpsonswiki.com/wiki/Treehouse_of_Horror_V|6
Bart's Girlfriend|https://simpsonswiki.com/wiki/Bart%27s_Girlfriend|6
Lisa on Ice|https://simpsonswiki.com/wiki/Lisa_on_Ice|6
Homer Badman|https://simpsonswiki.com/wiki/Homer_Badman|6
Grampa vs. Sexual Inadequacy|https://simpsonswiki.com/wiki/Grampa_vs._Sexual_Inadequacy|6
Fear of Flying|https://simpsonswiki.com/wiki/Fear_of_Flying|6
Homer the Great|https://simpsonswiki.com/wiki/Homer_the_Great|6
And Maggie Makes Three|https://simpsonswiki.com/wiki/And_Maggie_Makes_Three|6
Bart's Comet|https://simpsonswiki.com/wiki/Bart%27s_Comet|6
Homie the Clown|https://simpsonswiki.com/wiki/Homie_the_Clown|6
Bart vs. Australia|https://simpsonswiki.com/wiki/Bart_vs._Australia|6
Homer vs. Patty and Selma|https://simpsonswiki.com/wiki/Homer_vs._Patty_and_Selma|6
A Star Is Burns|https://simpsonswiki.com/wiki/A_Star_Is_Burns|6
Lisa's Wedding|https://simpsonswiki.com/wiki/Lisa%27s_Wedding|6
Two Dozen and One Greyhounds|https://simpsonswiki.com/wiki/Two_Dozen_and_One_Greyhounds|6
The PTA Disbands|https://simpsonswiki.com/wiki/The_PTA_Disbands|6
'Round Springfield|https://simpsonswiki.com/wiki/%27Round_Springfield|6
The Springfield Connection|https://simpsonswiki.com/wiki/The_Springfield_Connection|6
Lemon of Troy|https://simpsonswiki.com/wiki/Lemon_of_Troy|6
Who Shot Mr. Burns? (Part One)|https://simpsonswiki.com/wiki/Who_Shot_Mr._Burns%3F_(Part_One)|6
Who Shot Mr. Burns? (Part Two)|https://simpsonswiki.com/wiki/Who_Shot_Mr._Burns%3F_(Part_Two)|7
Radioactive Man|https://simpsonswiki.com/wiki/Radioactive_Man|7
Home Sweet Homediddly-Dum-Doodily|https://simpsonswiki.com/wiki/Home_Sweet_Homediddly-Dum-Doodily|7
Bart Sells His Soul|https://simpsonswiki.com/wiki/Bart_Sells_His_Soul|7
Lisa the Vegetarian|https://simpsonswiki.com/wiki/Lisa_the_Vegetarian|7
Treehouse of Horror VI|https://simpsonswiki.com/wiki/Treehouse_of_Horror_VI|7
King-Size Homer|https://simpsonswiki.com/wiki/King-Size_Homer|7
Mother Simpson|https://simpsonswiki.com/wiki/Mother_Simpson|7
Sideshow Bob's Last Gleaming|https://simpsonswiki.com/wiki/Sideshow_Bob%27s_Last_Gleaming|7
The Simpsons 138th Episode Spectacular|https://simpsonswiki.com/wiki/The_Simpsons_138th_Episode_Spectacular|7
Marge Be Not Proud|https://simpsonswiki.com/wiki/Marge_Be_Not_Proud|7
Team Homer|https://simpsonswiki.com/wiki/Team_Homer|7
Two Bad Neighbors|https://simpsonswiki.com/wiki/Two_Bad_Neighbors|7
Scenes from the Class Struggle in Springfield|https://simpsonswiki.com/wiki/Scenes_from_the_Class_Struggle_in_Springfield|7
Bart the Fink|https://simpsonswiki.com/wiki/Bart_the_Fink|7
Lisa the Iconoclast|https://simpsonswiki.com/wiki/Lisa_the_Iconoclast|7
Homer the Smithers|https://simpsonswiki.com/wiki/Homer_the_Smithers|7
The Day the Violence Died|https://simpsonswiki.com/wiki/The_Day_the_Violence_Died|7
A Fish Called Selma|https://simpsonswiki.com/wiki/A_Fish_Called_Selma|7
Bart on the Road|https://simpsonswiki.com/wiki/Bart_on_the_Road|7
22 Short Films About Springfield|https://simpsonswiki.com/wiki/22_Short_Films_About_Springfield|7
"Raging Abe Simpson and His Grumbling Grandson in ""The Curse of the Flying Hellfish"""|https://simpsonswiki.com/wiki/Raging_Abe_Simpson_and_His_Grumbling_Grandson_in_%22The_Curse_of_the_Flying_Hellfish%22|7
Much Apu About Nothing|https://simpsonswiki.com/wiki/Much_Apu_About_Nothing|7
Homerpalooza|https://simpsonswiki.com/wiki/Homerpalooza|7
Summer of 4 Ft. 2|https://simpsonswiki.com/wiki/Summer_of_4_Ft._2|7
Treehouse of Horror VII|https://simpsonswiki.com/wiki/Treehouse_of_Horror_VII|8
You Only Move Twice|https://simpsonswiki.com/wiki/You_Only_Move_Twice|8
The Homer They Fall|https://simpsonswiki.com/wiki/The_Homer_They_Fall|8
Burns, Baby Burns|https://simpsonswiki.com/wiki/Burns,_Baby_Burns|8
Bart After Dark|https://simpsonswiki.com/wiki/Bart_After_Dark|8
A Milhouse Divided|https://simpsonswiki.com/wiki/A_Milhouse_Divided|8
Lisa's Date with Density|https://simpsonswiki.com/wiki/Lisa%27s_Date_with_Density|8
Hurricane Neddy|https://simpsonswiki.com/wiki/Hurricane_Neddy|8
El Viaje Misterioso de Nuestro Jomer|https://simpsonswiki.com/wiki/El_Viaje_Misterioso_de_Nuestro_Jomer|8
The Springfield Files|https://simpsonswiki.com/wiki/The_Springfield_Files|8
The Twisted World of Marge Simpson|https://simpsonswiki.com/wiki/The_Twisted_World_of_Marge_Simpson|8
Mountain of Madness|https://simpsonswiki.com/wiki/Mountain_of_Madness|8
Simpsoncalifragilisticexpiala(Annoyed Grunt)cious|https://simpsonswiki.com/wiki/Simpsoncalifragilisticexpiala(Annoyed_Grunt)cious|8
The Itchy & Scratchy & Poochie Show|https://simpsonswiki.com/wiki/The_Itchy_%26_Scratchy_%26_Poochie_Show|8
Homer's Phobia|https://simpsonswiki.com/wiki/Homer%27s_Phobia|8
Brother from Another Series|https://simpsonswiki.com/wiki/Brother_from_Another_Series|8
My Sister, My Sitter|https://simpsonswiki.com/wiki/My_Sister,_My_Sitter|8
Homer vs. the Eighteenth Amendment|https://simpsonswiki.com/wiki/Homer_vs._the_Eighteenth_Amendment|8
Grade School Confidential|https://simpsonswiki.com/wiki/Grade_School_Confidential|8
The Canine Mutiny|https://simpsonswiki.com/wiki/The_Canine_Mutiny|8
The Old Man and the Lisa|https://simpsonswiki.com/wiki/The_Old_Man_and_the_Lisa|8
In Marge We Trust|https://simpsonswiki.com/wiki/In_Marge_We_Trust|8
Homer's Enemy|https://simpsonswiki.com/wiki/Homer%27s_Enemy|8
The Simpsons Spin-Off Showcase|https://simpsonswiki.com/wiki/The_Simpsons_Spin-Off_Showcase|8
The Secret War of Lisa Simpson|https://simpsonswiki.com/wiki/The_Secret_War_of_Lisa_Simpson|8
The City of New York vs. Homer Simpson|https://simpsonswiki.com/wiki/The_City_of_New_York_vs._Homer_Simpson|9
The Principal and the Pauper|https://simpsonswiki.com/wiki/The_Principal_and_the_Pauper|9
Lisa's Sax|https://simpsonswiki.com/wiki/Lisa%27s_Sax|9
Treehouse of Horror VIII|https://simpsonswiki.com/wiki/Treehouse_of_Horror_VIII|9
The Cartridge Family|https://simpsonswiki.com/wiki/The_Cartridge_Family|9
Bart Star|https://simpsonswiki.com/wiki/Bart_Star|9
The Two Mrs. Nahasapeemapetilons|https://simpsonswiki.com/wiki/The_Two_Mrs._Nahasapeemapetilons|9
Lisa the Skeptic|https://simpsonswiki.com/wiki/Lisa_the_Skeptic|9
Realty Bites|https://simpsonswiki.com/wiki/Realty_Bites|9
Miracle on Evergreen Terrace|https://simpsonswiki.com/wiki/Miracle_on_Evergreen_Terrace|9
All Singing, All Dancing|https://simpsonswiki.com/wiki/All_Singing,_All_Dancing|9
Bart Carny|https://simpsonswiki.com/wiki/Bart_Carny|9
The Joy of Sect|https://simpsonswiki.com/wiki/The_Joy_of_Sect|9
Das Bus|https://simpsonswiki.com/wiki/Das_Bus|9
The Last Temptation of Krust|https://simpsonswiki.com/wiki/The_Last_Temptation_of_Krust|9
Dumbbell Indemnity|https://simpsonswiki.com/wiki/Dumbbell_Indemnity|9
Lisa the Simpson|https://simpsonswiki.com/wiki/Lisa_the_Simpson|9
This Little Wiggy|https://simpsonswiki.com/wiki/This_Little_Wiggy|9
Simpson Tide|https://simpsonswiki.com/wiki/Simpson_Tide|9
The Trouble with Trillions|https://simpsonswiki.com/wiki/The_Trouble_with_Trillions|9
Girly Edition|https://simpsonswiki.com/wiki/Girly_Edition|9
Trash of the Titans|https://simpsonswiki.com/wiki/Trash_of_the_Titans|9
King of the Hill|https://simpsonswiki.com/wiki/King_of_the_Hill|9
Lost Our Lisa|https://simpsonswiki.com/wiki/Lost_Our_Lisa|9
Natural Born Kissers|https://simpsonswiki.com/wiki/Natural_Born_Kissers|9
Lard of the Dance|https://simpsonswiki.com/wiki/Lard_of_the_Dance|10
The Wizard of Evergreen Terrace|https://simpsonswiki.com/wiki/The_Wizard_of_Evergreen_Terrace|10
Bart the Mother|https://simpsonswiki.com/wiki/Bart_the_Mother|10
Treehouse of Horror IX|https://simpsonswiki.com/wiki/Treehouse_of_Horror_IX|10
When You Dish Upon a Star|https://simpsonswiki.com/wiki/When_You_Dish_Upon_a_Star|10
D'oh-in' in the Wind|https://simpsonswiki.com/wiki/D%27oh-in%27_in_the_Wind|10
"Lisa Gets an ""A"""|https://simpsonswiki.com/wiki/Lisa_Gets_an_%22A%22|10
"Homer Simpson in: ""Kidney Trouble"""|https://simpsonswiki.com/wiki/Homer_Simpson_in:_%22Kidney_Trouble%22|10
Mayored to the Mob|https://simpsonswiki.com/wiki/Mayored_to_the_Mob|10
Viva Ned Flanders|https://simpsonswiki.com/wiki/Viva_Ned_Flanders|10
Wild Barts Can't Be Broken|https://simpsonswiki.com/wiki/Wild_Barts_Can%27t_Be_Broken|10
Sunday, Cruddy Sunday|https://simpsonswiki.com/wiki/Sunday,_Cruddy_Sunday|10
Homer to the Max|https://simpsonswiki.com/wiki/Homer_to_the_Max|10
I'm with Cupid|https://simpsonswiki.com/wiki/I%27m_with_Cupid|10
"Marge Simpson in: ""Screaming Yellow Honkers"""|https://simpsonswiki.com/wiki/Marge_Simpson_in:_%22Screaming_Yellow_Honkers%22|10
Make Room for Lisa|https://simpsonswiki.com/wiki/Make_Room_for_Lisa|10
Maximum Homerdrive|https://simpsonswiki.com/wiki/Maximum_Homerdrive|10
Simpsons Bible Stories|https://simpsonswiki.com/wiki/Simpsons_Bible_Stories|10
Mom and Pop Art|https://simpsonswiki.com/wiki/Mom_and_Pop_Art|10
"The Old Man and the ""C"" Student"|https://simpsonswiki.com/wiki/The_Old_Man_and_the_%22C%22_Student|10
Monty Can't Buy Me Love|https://simpsonswiki.com/wiki/Monty_Can%27t_Buy_Me_Love|10
They Saved Lisa's Brain|https://simpsonswiki.com/wiki/They_Saved_Lisa%27s_Brain|10
Thirty Minutes Over Tokyo|https://simpsonswiki.com/wiki/Thirty_Minutes_Over_Tokyo|10
Beyond Blunderdome|https://simpsonswiki.com/wiki/Beyond_Blunderdome|11
Brother's Little Helper|https://simpsonswiki.com/wiki/Brother%27s_Little_Helper|11
Guess Who's Coming to Criticize Dinner?|https://simpsonswiki.com/wiki/Guess_Who%27s_Coming_to_Criticize_Dinner%3F|11
Treehouse of Horror X|https://simpsonswiki.com/wiki/Treehouse_of_Horror_X|11
E-I-E-I-(Annoyed Grunt)|https://simpsonswiki.com/wiki/E-I-E-I-(Annoyed_Grunt)|11
Hello Gutter, Hello Fadder|https://simpsonswiki.com/wiki/Hello_Gutter,_Hello_Fadder|11
Eight Misbehavin'|https://simpsonswiki.com/wiki/Eight_Misbehavin%27|11
Take My Wife, Sleaze|https://simpsonswiki.com/wiki/Take_My_Wife,_Sleaze|11
Grift of the Magi|https://simpsonswiki.com/wiki/Grift_of_the_Magi|11
Little Big Mom|https://simpsonswiki.com/wiki/Little_Big_Mom|11
Faith Off|https://simpsonswiki.com/wiki/Faith_Off|11
The Mansion Family|https://simpsonswiki.com/wiki/The_Mansion_Family|11
Saddlesore Galactica|https://simpsonswiki.com/wiki/Saddlesore_Galactica|11
Alone Again, Natura-Diddily|https://simpsonswiki.com/wiki/Alone_Again,_Natura-Diddily|11
Missionary: Impossible|https://simpsonswiki.com/wiki/Missionary:_Impossible|11
Pygmoelian|https://simpsonswiki.com/wiki/Pygmoelian|11
Bart to the Future|https://simpsonswiki.com/wiki/Bart_to_the_Future|11
Days of Wine and D'oh'ses|https://simpsonswiki.com/wiki/Days_of_Wine_and_D%27oh%27ses|11
Kill the Alligator and Run|https://simpsonswiki.com/wiki/Kill_the_Alligator_and_Run|11
Last Tap Dance in Springfield|https://simpsonswiki.com/wiki/Last_Tap_Dance_in_Springfield|11
It's a Mad, Mad, Mad, Mad Marge|https://simpsonswiki.com/wiki/It%27s_a_Mad,_Mad,_Mad,_Mad_Marge|11
Behind the Laughter|https://simpsonswiki.com/wiki/Behind_the_Laughter|11
Treehouse of Horror XI|https://simpsonswiki.com/wiki/Treehouse_of_Horror_XI|12
A Tale of Two Springfields|https://simpsonswiki.com/wiki/A_Tale_of_Two_Springfields|12
Insane Clown Poppy|https://simpsonswiki.com/wiki/Insane_Clown_Poppy|12
Lisa the Tree Hugger|https://simpsonswiki.com/wiki/Lisa_the_Tree_Hugger|12
Homer vs. Dignity|https://simpsonswiki.com/wiki/Homer_vs._Dignity|12
The Computer Wore Menace Shoes|https://simpsonswiki.com/wiki/The_Computer_Wore_Menace_Shoes|12
The Great Money Caper|https://simpsonswiki.com/wiki/The_Great_Money_Caper|12
Skinner's Sense of Snow|https://simpsonswiki.com/wiki/Skinner%27s_Sense_of_Snow|12
HOMÐ¯|https://simpsonswiki.com/wiki/HOM%D0%AF|12
Pokey Mom|https://simpsonswiki.com/wiki/Pokey_Mom|12
Worst Episode Ever|https://simpsonswiki.com/wiki/Worst_Episode_Ever|12
Tennis the Menace|https://simpsonswiki.com/wiki/Tennis_the_Menace|12
Day of the Jackanapes|https://simpsonswiki.com/wiki/Day_of_the_Jackanapes|12
New Kids on the Blecch|https://simpsonswiki.com/wiki/New_Kids_on_the_Blecch|12
Hungry, Hungry Homer|https://simpsonswiki.com/wiki/Hungry,_Hungry_Homer|12
Bye, Bye, Nerdie|https://simpsonswiki.com/wiki/Bye,_Bye,_Nerdie|12
Simpson Safari|https://simpsonswiki.com/wiki/Simpson_Safari|12
Trilogy of Error|https://simpsonswiki.com/wiki/Trilogy_of_Error|12
I'm Goin' to Praiseland|https://simpsonswiki.com/wiki/I%27m_Goin%27_to_Praiseland|12
Children of a Lesser Clod|https://simpsonswiki.com/wiki/Children_of_a_Lesser_Clod|12
Simpsons Tall Tales|https://simpsonswiki.com/wiki/Simpsons_Tall_Tales|12
Treehouse of Horror XII|https://simpsonswiki.com/wiki/Treehouse_of_Horror_XII|13
The Parent Rap|https://simpsonswiki.com/wiki/The_Parent_Rap|13
Homer the Moe|https://simpsonswiki.com/wiki/Homer_the_Moe|13
A Hunka Hunka Burns in Love|https://simpsonswiki.com/wiki/A_Hunka_Hunka_Burns_in_Love|13
The Blunder Years|https://simpsonswiki.com/wiki/The_Blunder_Years|13
She of Little Faith|https://simpsonswiki.com/wiki/She_of_Little_Faith|13
Brawl in the Family|https://simpsonswiki.com/wiki/Brawl_in_the_Family|13
Sweets and Sour Marge|https://simpsonswiki.com/wiki/Sweets_and_Sour_Marge|13
Jaws Wired Shut|https://simpsonswiki.com/wiki/Jaws_Wired_Shut|13
Half-Decent Proposal|https://simpsonswiki.com/wiki/Half-Decent_Proposal|13
The Bart Wants What It Wants|https://simpsonswiki.com/wiki/The_Bart_Wants_What_It_Wants|13
The Lastest Gun in the West|https://simpsonswiki.com/wiki/The_Lastest_Gun_in_the_West|13
The Old Man and the Key|https://simpsonswiki.com/wiki/The_Old_Man_and_the_Key|13
Tales from the Public Domain|https://simpsonswiki.com/wiki/Tales_from_the_Public_Domain|13
Blame It on Lisa|https://simpsonswiki.com/wiki/Blame_It_on_Lisa|13
Weekend at Burnsie's|https://simpsonswiki.com/wiki/Weekend_at_Burnsie%27s|13
Gump Roast|https://simpsonswiki.com/wiki/Gump_Roast|13
I Am Furious (Yellow)|https://simpsonswiki.com/wiki/I_Am_Furious_(Yellow)|13
The Sweetest Apu|https://simpsonswiki.com/wiki/The_Sweetest_Apu|13
Little Girl in the Big Ten|https://simpsonswiki.com/wiki/Little_Girl_in_the_Big_Ten|13
The Frying Game|https://simpsonswiki.com/wiki/The_Frying_Game|13
Poppa's Got a Brand New Badge|https://simpsonswiki.com/wiki/Poppa%27s_Got_a_Brand_New_Badge|13
Treehouse of Horror XIII|https://simpsonswiki.com/wiki/Treehouse_of_Horror_XIII|14
How I Spent My Strummer Vacation|https://simpsonswiki.com/wiki/How_I_Spent_My_Strummer_Vacation|14
Bart vs. Lisa vs. the Third Grade|https://simpsonswiki.com/wiki/Bart_vs._Lisa_vs._the_Third_Grade|14
Large Marge|https://simpsonswiki.com/wiki/Large_Marge|14
Helter Shelter|https://simpsonswiki.com/wiki/Helter_Shelter|14
The Great Louse Detective|https://simpsonswiki.com/wiki/The_Great_Louse_Detective|14
Special Edna|https://simpsonswiki.com/wiki/Special_Edna|14
The Dad Who Knew Too Little|https://simpsonswiki.com/wiki/The_Dad_Who_Knew_Too_Little|14
The Strong Arms of the Ma|https://simpsonswiki.com/wiki/The_Strong_Arms_of_the_Ma|14
Pray Anything|https://simpsonswiki.com/wiki/Pray_Anything|14
Barting Over|https://simpsonswiki.com/wiki/Barting_Over|14
I'm Spelling as Fast as I Can|https://simpsonswiki.com/wiki/I%27m_Spelling_as_Fast_as_I_Can|14
A Star Is Born Again|https://simpsonswiki.com/wiki/A_Star_Is_Born_Again|14
Mr. Spritz Goes to Washington|https://simpsonswiki.com/wiki/Mr._Spritz_Goes_to_Washington|14
C.E. D'oh|https://simpsonswiki.com/wiki/C.E._D%27oh|14
'Scuse Me While I Miss the Sky|https://simpsonswiki.com/wiki/%27Scuse_Me_While_I_Miss_the_Sky|14
Three Gays of the Condo|https://simpsonswiki.com/wiki/Three_Gays_of_the_Condo|14
Dude, Where's My Ranch?|https://simpsonswiki.com/wiki/Dude,_Where%27s_My_Ranch%3F|14
Old Yeller-Belly|https://simpsonswiki.com/wiki/Old_Yeller-Belly|14
Brake My Wife, Please|https://simpsonswiki.com/wiki/Brake_My_Wife,_Please|14
The Bart of War|https://simpsonswiki.com/wiki/The_Bart_of_War|14
Moe Baby Blues|https://simpsonswiki.com/wiki/Moe_Baby_Blues|14
Treehouse of Horror XIV|https://simpsonswiki.com/wiki/Treehouse_of_Horror_XIV|15
My Mother the Carjacker|https://simpsonswiki.com/wiki/My_Mother_the_Carjacker|15
The President Wore Pearls|https://simpsonswiki.com/wiki/The_President_Wore_Pearls|15
The Regina Monologues|https://simpsonswiki.com/wiki/The_Regina_Monologues|15
The Fat and the Furriest|https://simpsonswiki.com/wiki/The_Fat_and_the_Furriest|15
Today I Am a Clown|https://simpsonswiki.com/wiki/Today_I_Am_a_Clown|15
'Tis the Fifteenth Season|https://simpsonswiki.com/wiki/%27Tis_the_Fifteenth_Season|15
Marge vs. Singles, Seniors, Childless Couples and Teens and Gays|https://simpsonswiki.com/wiki/Marge_vs._Singles,_Seniors,_Childless_Couples_and_Teens_and_Gays|15
I, (Annoyed Grunt)-bot|https://simpsonswiki.com/wiki/I,_(Annoyed_Grunt)-bot|15
Diatribe of a Mad Housewife|https://simpsonswiki.com/wiki/Diatribe_of_a_Mad_Housewife|15
Margical History Tour|https://simpsonswiki.com/wiki/Margical_History_Tour|15
Milhouse Doesn't Live Here Anymore|https://simpsonswiki.com/wiki/Milhouse_Doesn%27t_Live_Here_Anymore|15
Smart and Smarter|https://simpsonswiki.com/wiki/Smart_and_Smarter|15
The Ziff Who Came to Dinner|https://simpsonswiki.com/wiki/The_Ziff_Who_Came_to_Dinner|15
Co-Dependent's Day|https://simpsonswiki.com/wiki/Co-Dependent%27s_Day|15
The Wandering Juvie|https://simpsonswiki.com/wiki/The_Wandering_Juvie|15
My Big Fat Geek Wedding|https://simpsonswiki.com/wiki/My_Big_Fat_Geek_Wedding|15
Catch 'Em If You Can|https://simpsonswiki.com/wiki/Catch_%27Em_If_You_Can|15
Simple Simpson|https://simpsonswiki.com/wiki/Simple_Simpson|15
The Way We Weren't|https://simpsonswiki.com/wiki/The_Way_We_Weren%27t|15
Bart-Mangled Banner|https://simpsonswiki.com/wiki/Bart-Mangled_Banner|15
Fraudcast News|https://simpsonswiki.com/wiki/Fraudcast_News|15
Treehouse of Horror XV|https://simpsonswiki.com/wiki/Treehouse_of_Horror_XV|16
All's Fair in Oven War|https://simpsonswiki.com/wiki/All%27s_Fair_in_Oven_War|16
Sleeping with the Enemy|https://simpsonswiki.com/wiki/Sleeping_with_the_Enemy|16
She Used to Be My Girl|https://simpsonswiki.com/wiki/She_Used_to_Be_My_Girl|16
Fat Man and Little Boy|https://simpsonswiki.com/wiki/Fat_Man_and_Little_Boy|16
Midnight Rx|https://simpsonswiki.com/wiki/Midnight_Rx|16
Mommie Beerest|https://simpsonswiki.com/wiki/Mommie_Beerest|16
Homer and Ned's Hail Mary Pass|https://simpsonswiki.com/wiki/Homer_and_Ned%27s_Hail_Mary_Pass|16
Pranksta Rap|https://simpsonswiki.com/wiki/Pranksta_Rap|16
There's Something About Marrying|https://simpsonswiki.com/wiki/There%27s_Something_About_Marrying|16
On a Clear Day I Can't See My Sister|https://simpsonswiki.com/wiki/On_a_Clear_Day_I_Can%27t_See_My_Sister|16
Goo Goo Gai Pan|https://simpsonswiki.com/wiki/Goo_Goo_Gai_Pan|16
Mobile Homer|https://simpsonswiki.com/wiki/Mobile_Homer|16
The Seven-Beer Snitch|https://simpsonswiki.com/wiki/The_Seven-Beer_Snitch|16
Future-Drama|https://simpsonswiki.com/wiki/Future-Drama|16
Don't Fear the Roofer|https://simpsonswiki.com/wiki/Don%27t_Fear_the_Roofer|16
The Heartbroke Kid|https://simpsonswiki.com/wiki/The_Heartbroke_Kid|16
A Star Is Torn|https://simpsonswiki.com/wiki/A_Star_Is_Torn|16
Thank God It's Doomsday|https://simpsonswiki.com/wiki/Thank_God_It%27s_Doomsday|16
Home Away from Homer|https://simpsonswiki.com/wiki/Home_Away_from_Homer|16
The Father, the Son and the Holy Guest Star|https://simpsonswiki.com/wiki/The_Father,_the_Son_and_the_Holy_Guest_Star|16
The Bonfire of the Manatees|https://simpsonswiki.com/wiki/The_Bonfire_of_the_Manatees|17
The Girl Who Slept Too Little|https://simpsonswiki.com/wiki/The_Girl_Who_Slept_Too_Little|17
Milhouse of Sand and Fog|https://simpsonswiki.com/wiki/Milhouse_of_Sand_and_Fog|17
Treehouse of Horror XVI|https://simpsonswiki.com/wiki/Treehouse_of_Horror_XVI|17
Marge's Son Poisoning|https://simpsonswiki.com/wiki/Marge%27s_Son_Poisoning|17
See Homer Run|https://simpsonswiki.com/wiki/See_Homer_Run|17
The Last of the Red Hat Mamas|https://simpsonswiki.com/wiki/The_Last_of_the_Red_Hat_Mamas|17
The Italian Bob|https://simpsonswiki.com/wiki/The_Italian_Bob|17
Simpsons Christmas Stories|https://simpsonswiki.com/wiki/Simpsons_Christmas_Stories|17
Homer's Paternity Coot|https://simpsonswiki.com/wiki/Homer%27s_Paternity_Coot|17
We're on the Road to D'ohwhere|https://simpsonswiki.com/wiki/We%27re_on_the_Road_to_D%27ohwhere|17
My Fair Laddy|https://simpsonswiki.com/wiki/My_Fair_Laddy|17
The Seemingly Never-Ending Story|https://simpsonswiki.com/wiki/The_Seemingly_Never-Ending_Story|17
Bart Has Two Mommies|https://simpsonswiki.com/wiki/Bart_Has_Two_Mommies|17
Homer Simpson, This Is Your Wife|https://simpsonswiki.com/wiki/Homer_Simpson,_This_Is_Your_Wife|17
Million-Dollar Abie|https://simpsonswiki.com/wiki/Million-Dollar_Abie|17
Kiss Kiss Bang Bangalore|https://simpsonswiki.com/wiki/Kiss_Kiss_Bang_Bangalore|17
The Wettest Stories Ever Told|https://simpsonswiki.com/wiki/The_Wettest_Stories_Ever_Told|17
Girls Just Want to Have Sums|https://simpsonswiki.com/wiki/Girls_Just_Want_to_Have_Sums|17
Regarding Margie|https://simpsonswiki.com/wiki/Regarding_Margie|17
The Monkey Suit|https://simpsonswiki.com/wiki/The_Monkey_Suit|17
Marge and Homer Turn a Couple Play|https://simpsonswiki.com/wiki/Marge_and_Homer_Turn_a_Couple_Play|17
The Mook, the Chef, the Wife and Her Homer|https://simpsonswiki.com/wiki/The_Mook,_the_Chef,_the_Wife_and_Her_Homer|18
Jazzy and the Pussycats|https://simpsonswiki.com/wiki/Jazzy_and_the_Pussycats|18
Please Homer, Don't Hammer 'Em|https://simpsonswiki.com/wiki/Please_Homer,_Don%27t_Hammer_%27Em|18
Treehouse of Horror XVII|https://simpsonswiki.com/wiki/Treehouse_of_Horror_XVII|18
G.I. (Annoyed Grunt)|https://simpsonswiki.com/wiki/G.I._(Annoyed_Grunt)|18
Moe'N'a Lisa|https://simpsonswiki.com/wiki/Moe%27N%27a_Lisa|18
Ice Cream of Margie (with the Light Blue Hair)|https://simpsonswiki.com/wiki/Ice_Cream_of_Margie_(with_the_Light_Blue_Hair)|18
The Haw-Hawed Couple|https://simpsonswiki.com/wiki/The_Haw-Hawed_Couple|18
Kill Gil, Volumes I & II|https://simpsonswiki.com/wiki/Kill_Gil,_Volumes_I_%26_II|18
The Wife Aquatic|https://simpsonswiki.com/wiki/The_Wife_Aquatic|18
Revenge Is a Dish Best Served Three Times|https://simpsonswiki.com/wiki/Revenge_Is_a_Dish_Best_Served_Three_Times|18
Little Big Girl|https://simpsonswiki.com/wiki/Little_Big_Girl|18
Springfield Up|https://simpsonswiki.com/wiki/Springfield_Up|18
Yokel Chords|https://simpsonswiki.com/wiki/Yokel_Chords|18
Rome-Old and Juli-Eh|https://simpsonswiki.com/wiki/Rome-Old_and_Juli-Eh|18
Homerazzi|https://simpsonswiki.com/wiki/Homerazzi|18
Marge Gamer|https://simpsonswiki.com/wiki/Marge_Gamer|18
The Boys of Bummer|https://simpsonswiki.com/wiki/The_Boys_of_Bummer|18
Crook and Ladder|https://simpsonswiki.com/wiki/Crook_and_Ladder|18
Stop, or My Dog Will Shoot!|https://simpsonswiki.com/wiki/Stop,_or_My_Dog_Will_Shoot!|18
24 Minutes|https://simpsonswiki.com/wiki/24_Minutes|18
You Kent Always Say What You Want|https://simpsonswiki.com/wiki/You_Kent_Always_Say_What_You_Want|18
He Loves to Fly and He D'ohs|https://simpsonswiki.com/wiki/He_Loves_to_Fly_and_He_D%27ohs|19
The Homer of Seville|https://simpsonswiki.com/wiki/The_Homer_of_Seville|19
Midnight Towboy|https://simpsonswiki.com/wiki/Midnight_Towboy|19
I Don't Wanna Know Why the Caged Bird Sings|https://simpsonswiki.com/wiki/I_Don%27t_Wanna_Know_Why_the_Caged_Bird_Sings|19
Treehouse of Horror XVIII|https://simpsonswiki.com/wiki/Treehouse_of_Horror_XVIII|19
Little Orphan Millie|https://simpsonswiki.com/wiki/Little_Orphan_Millie|19
Husbands and Knives|https://simpsonswiki.com/wiki/Husbands_and_Knives|19
Funeral for a Fiend|https://simpsonswiki.com/wiki/Funeral_for_a_Fiend|19
Eternal Moonshine of the Simpson Mind|https://simpsonswiki.com/wiki/Eternal_Moonshine_of_the_Simpson_Mind|19
E Pluribus Wiggum|https://simpsonswiki.com/wiki/E_Pluribus_Wiggum|19
That '90s Show|https://simpsonswiki.com/wiki/That_%2790s_Show|19
Love, Springfieldian Style|https://simpsonswiki.com/wiki/Love,_Springfieldian_Style|19
The Debarted|https://simpsonswiki.com/wiki/The_Debarted|19
"Dial ""N"" for Nerder"|https://simpsonswiki.com/wiki/Dial_%22N%22_for_Nerder|19
Smoke on the Daughter|https://simpsonswiki.com/wiki/Smoke_on_the_Daughter|19
Papa Don't Leech|https://simpsonswiki.com/wiki/Papa_Don%27t_Leech|19
Apocalypse Cow|https://simpsonswiki.com/wiki/Apocalypse_Cow|19
Any Given Sundance|https://simpsonswiki.com/wiki/Any_Given_Sundance|19
Mona Leaves-a|https://simpsonswiki.com/wiki/Mona_Leaves-a|19
All About Lisa|https://simpsonswiki.com/wiki/All_About_Lisa|19
Sex, Pies and Idiot Scrapes|https://simpsonswiki.com/wiki/Sex,_Pies_and_Idiot_Scrapes|20
Lost Verizon|https://simpsonswiki.com/wiki/Lost_Verizon|20
Double, Double, Boy in Trouble|https://simpsonswiki.com/wiki/Double,_Double,_Boy_in_Trouble|20
Treehouse of Horror XIX|https://simpsonswiki.com/wiki/Treehouse_of_Horror_XIX|20
Dangerous Curves|https://simpsonswiki.com/wiki/Dangerous_Curves|20
Homer and Lisa Exchange Cross Words|https://simpsonswiki.com/wiki/Homer_and_Lisa_Exchange_Cross_Words|20
MyPods and Boomsticks|https://simpsonswiki.com/wiki/MyPods_and_Boomsticks|20
The Burns and the Bees|https://simpsonswiki.com/wiki/The_Burns_and_the_Bees|20
Lisa the Drama Queen|https://simpsonswiki.com/wiki/Lisa_the_Drama_Queen|20
Take My Life, Please|https://simpsonswiki.com/wiki/Take_My_Life,_Please|20
How the Test Was Won|https://simpsonswiki.com/wiki/How_the_Test_Was_Won|20
No Loan Again, Naturally|https://simpsonswiki.com/wiki/No_Loan_Again,_Naturally|20
Gone Maggie Gone|https://simpsonswiki.com/wiki/Gone_Maggie_Gone|20
In the Name of the Grandfather|https://simpsonswiki.com/wiki/In_the_Name_of_the_Grandfather|20
Wedding for Disaster|https://simpsonswiki.com/wiki/Wedding_for_Disaster|20
Eeny Teeny Maya, Moe|https://simpsonswiki.com/wiki/Eeny_Teeny_Maya,_Moe|20
The Good, the Sad, and the Drugly|https://simpsonswiki.com/wiki/The_Good,_the_Sad,_and_the_Drugly|20
Father Knows Worst|https://simpsonswiki.com/wiki/Father_Knows_Worst|20
Waverly Hills 9-0-2-1-D'oh|https://simpsonswiki.com/wiki/Waverly_Hills_9-0-2-1-D%27oh|20
Four Great Women and a Manicure|https://simpsonswiki.com/wiki/Four_Great_Women_and_a_Manicure|20
Coming to Homerica|https://simpsonswiki.com/wiki/Coming_to_Homerica|20
Homer the Whopper|https://simpsonswiki.com/wiki/Homer_the_Whopper|21
"Bart Gets a ""Z"""|https://simpsonswiki.com/wiki/Bart_Gets_a_%22Z%22|21
The Great Wife Hope|https://simpsonswiki.com/wiki/The_Great_Wife_Hope|21
Treehouse of Horror XX|https://simpsonswiki.com/wiki/Treehouse_of_Horror_XX|21
The Devil Wears Nada|https://simpsonswiki.com/wiki/The_Devil_Wears_Nada|21
Pranks and Greens|https://simpsonswiki.com/wiki/Pranks_and_Greens|21
Rednecks and Broomsticks|https://simpsonswiki.com/wiki/Rednecks_and_Broomsticks|21
Oh Brother, Where Bart Thou?|https://simpsonswiki.com/wiki/Oh_Brother,_Where_Bart_Thou%3F|21
Thursdays with Abie|https://simpsonswiki.com/wiki/Thursdays_with_Abie|21
Once Upon a Time in Springfield|https://simpsonswiki.com/wiki/Once_Upon_a_Time_in_Springfield|21
Million Dollar Maybe|https://simpsonswiki.com/wiki/Million_Dollar_Maybe|21
Boy Meets Curl|https://simpsonswiki.com/wiki/Boy_Meets_Curl|21
The Color Yellow|https://simpsonswiki.com/wiki/The_Color_Yellow|21
Postcards from the Wedge|https://simpsonswiki.com/wiki/Postcards_from_the_Wedge|21
Stealing First Base|https://simpsonswiki.com/wiki/Stealing_First_Base|21
The Greatest Story Ever D'ohed|https://simpsonswiki.com/wiki/The_Greatest_Story_Ever_D%27ohed|21
American History X-cellent|https://simpsonswiki.com/wiki/American_History_X-cellent|21
Chief of Hearts|https://simpsonswiki.com/wiki/Chief_of_Hearts|21
The Squirt and the Whale|https://simpsonswiki.com/wiki/The_Squirt_and_the_Whale|21
To Surveil with Love|https://simpsonswiki.com/wiki/To_Surveil_with_Love|21
Moe Letter Blues|https://simpsonswiki.com/wiki/Moe_Letter_Blues|21
The Bob Next Door|https://simpsonswiki.com/wiki/The_Bob_Next_Door|21
Judge Me Tender|https://simpsonswiki.com/wiki/Judge_Me_Tender|21
Elementary School Musical|https://simpsonswiki.com/wiki/Elementary_School_Musical|22
Loan-a Lisa|https://simpsonswiki.com/wiki/Loan-a_Lisa|22
MoneyBart|https://simpsonswiki.com/wiki/MoneyBart|22
Treehouse of Horror XXI|https://simpsonswiki.com/wiki/Treehouse_of_Horror_XXI|22
Lisa Simpson, This Isn't Your Life|https://simpsonswiki.com/wiki/Lisa_Simpson,_This_Isn%27t_Your_Life|22
The Fool Monty|https://simpsonswiki.com/wiki/The_Fool_Monty|22
How Munched Is That Birdie in the Window?|https://simpsonswiki.com/wiki/How_Munched_Is_That_Birdie_in_the_Window%3F|22
The Fight Before Christmas|https://simpsonswiki.com/wiki/The_Fight_Before_Christmas|22
Donnie Fatso|https://simpsonswiki.com/wiki/Donnie_Fatso|22
Moms I'd Like to Forget|https://simpsonswiki.com/wiki/Moms_I%27d_Like_to_Forget|22
Flaming Moe|https://simpsonswiki.com/wiki/Flaming_Moe|22
Homer the Father|https://simpsonswiki.com/wiki/Homer_the_Father|22
The Blue and the Gray|https://simpsonswiki.com/wiki/The_Blue_and_the_Gray|22
Angry Dad: The Movie|https://simpsonswiki.com/wiki/Angry_Dad:_The_Movie|22
The Scorpion's Tale|https://simpsonswiki.com/wiki/The_Scorpion%27s_Tale|22
A Midsummer's Nice Dreams|https://simpsonswiki.com/wiki/A_Midsummer%27s_Nice_Dreams|22
Love Is a Many-Strangled Thing|https://simpsonswiki.com/wiki/Love_Is_a_Many-Strangled_Thing|22
The Great Simpsina|https://simpsonswiki.com/wiki/The_Great_Simpsina|22
The Real Housewives of Fat Tony|https://simpsonswiki.com/wiki/The_Real_Housewives_of_Fat_Tony|22
Homer Scissorhands|https://simpsonswiki.com/wiki/Homer_Scissorhands|22
500 Keys|https://simpsonswiki.com/wiki/500_Keys|22
The Ned-liest Catch|https://simpsonswiki.com/wiki/The_Ned-liest_Catch|22
The Falcon and the D'ohman|https://simpsonswiki.com/wiki/The_Falcon_and_the_D%27ohman|23
Bart Stops to Smell the Roosevelts|https://simpsonswiki.com/wiki/Bart_Stops_to_Smell_the_Roosevelts|23
Treehouse of Horror XXII|https://simpsonswiki.com/wiki/Treehouse_of_Horror_XXII|23
Replaceable You|https://simpsonswiki.com/wiki/Replaceable_You|23
The Food Wife|https://simpsonswiki.com/wiki/The_Food_Wife|23
The Book Job|https://simpsonswiki.com/wiki/The_Book_Job|23
The Man in the Blue Flannel Pants|https://simpsonswiki.com/wiki/The_Man_in_the_Blue_Flannel_Pants|23
The Ten-Per-Cent Solution|https://simpsonswiki.com/wiki/The_Ten-Per-Cent_Solution|23
Holidays of Future Passed|https://simpsonswiki.com/wiki/Holidays_of_Future_Passed|23
Politically Inept, with Homer Simpson|https://simpsonswiki.com/wiki/Politically_Inept,_with_Homer_Simpson|23
The D'oh-cial Network|https://simpsonswiki.com/wiki/The_D%27oh-cial_Network|23
Moe Goes from Rags to Riches|https://simpsonswiki.com/wiki/Moe_Goes_from_Rags_to_Riches|23
The Daughter Also Rises|https://simpsonswiki.com/wiki/The_Daughter_Also_Rises|23
At Long Last Leave|https://simpsonswiki.com/wiki/At_Long_Last_Leave|23
Exit Through the Kwik-E-Mart|https://simpsonswiki.com/wiki/Exit_Through_the_Kwik-E-Mart|23
How I Wet Your Mother|https://simpsonswiki.com/wiki/How_I_Wet_Your_Mother|23
Them, Robot|https://simpsonswiki.com/wiki/Them,_Robot|23
Beware My Cheating Bart|https://simpsonswiki.com/wiki/Beware_My_Cheating_Bart|23
A Totally Fun Thing Bart Will Never Do Again|https://simpsonswiki.com/wiki/A_Totally_Fun_Thing_Bart_Will_Never_Do_Again|23
The Spy Who Learned Me|https://simpsonswiki.com/wiki/The_Spy_Who_Learned_Me|23
Ned 'n Edna's Blend Agenda|https://simpsonswiki.com/wiki/Ned_%27n_Edna%27s_Blend_Agenda|23
Lisa Goes Gaga|https://simpsonswiki.com/wiki/Lisa_Goes_Gaga|23
Moonshine River|https://simpsonswiki.com/wiki/Moonshine_River|24
Treehouse of Horror XXIII|https://simpsonswiki.com/wiki/Treehouse_of_Horror_XXIII|24
Adventures in Baby-Getting|https://simpsonswiki.com/wiki/Adventures_in_Baby-Getting|24
Gone Abie Gone|https://simpsonswiki.com/wiki/Gone_Abie_Gone|24
Penny-Wiseguys|https://simpsonswiki.com/wiki/Penny-Wiseguys|24
A Tree Grows in Springfield|https://simpsonswiki.com/wiki/A_Tree_Grows_in_Springfield|24
The Day the Earth Stood Cool|https://simpsonswiki.com/wiki/The_Day_the_Earth_Stood_Cool|24
To Cur, with Love|https://simpsonswiki.com/wiki/To_Cur,_with_Love|24
Homer Goes to Prep School|https://simpsonswiki.com/wiki/Homer_Goes_to_Prep_School|24
A Test Before Trying|https://simpsonswiki.com/wiki/A_Test_Before_Trying|24
The Changing of the Guardian|https://simpsonswiki.com/wiki/The_Changing_of_the_Guardian|24
Love Is a Many-Splintered Thing|https://simpsonswiki.com/wiki/Love_Is_a_Many-Splintered_Thing|24
Hardly Kirk-ing|https://simpsonswiki.com/wiki/Hardly_Kirk-ing|24
Gorgeous Grampa|https://simpsonswiki.com/wiki/Gorgeous_Grampa|24
Black-Eyed, Please|https://simpsonswiki.com/wiki/Black-Eyed,_Please|24
Dark Knight Court|https://simpsonswiki.com/wiki/Dark_Knight_Court|24
What Animated Women Want|https://simpsonswiki.com/wiki/What_Animated_Women_Want|24
Pulpit Friction|https://simpsonswiki.com/wiki/Pulpit_Friction|24
Whiskey Business|https://simpsonswiki.com/wiki/Whiskey_Business|24
The Fabulous Faker Boy|https://simpsonswiki.com/wiki/The_Fabulous_Faker_Boy|24
The Saga of Carl|https://simpsonswiki.com/wiki/The_Saga_of_Carl|24
Dangers on a Train|https://simpsonswiki.com/wiki/Dangers_on_a_Train|24
Homerland|https://simpsonswiki.com/wiki/Homerland|25
Treehouse of Horror XXIV|https://simpsonswiki.com/wiki/Treehouse_of_Horror_XXIV|25
Four Regrettings and a Funeral|https://simpsonswiki.com/wiki/Four_Regrettings_and_a_Funeral|25
YOLO|https://simpsonswiki.com/wiki/YOLO|25
Labor Pains|https://simpsonswiki.com/wiki/Labor_Pains|25
The Kid Is All Right|https://simpsonswiki.com/wiki/The_Kid_Is_All_Right|25
Yellow Subterfuge|https://simpsonswiki.com/wiki/Yellow_Subterfuge|25
White Christmas Blues|https://simpsonswiki.com/wiki/White_Christmas_Blues|25
Steal This Episode|https://simpsonswiki.com/wiki/Steal_This_Episode|25
Married to the Blob|https://simpsonswiki.com/wiki/Married_to_the_Blob|25
Specs and the City|https://simpsonswiki.com/wiki/Specs_and_the_City|25
Diggs|https://simpsonswiki.com/wiki/Diggs|25
The Man Who Grew Too Much|https://simpsonswiki.com/wiki/The_Man_Who_Grew_Too_Much|25
The Winter of His Content|https://simpsonswiki.com/wiki/The_Winter_of_His_Content|25
The War of Art|https://simpsonswiki.com/wiki/The_War_of_Art|25
You Don't Have to Live Like a Referee|https://simpsonswiki.com/wiki/You_Don%27t_Have_to_Live_Like_a_Referee|25
Luca$|https://simpsonswiki.com/wiki/Luca$|25
Days of Future Future|https://simpsonswiki.com/wiki/Days_of_Future_Future|25
What to Expect When Bart's Expecting|https://simpsonswiki.com/wiki/What_to_Expect_When_Bart%27s_Expecting|25
Brick Like Me|https://simpsonswiki.com/wiki/Brick_Like_Me|25
Pay Pal|https://simpsonswiki.com/wiki/Pay_Pal|25
The Yellow Badge of Cowardge|https://simpsonswiki.com/wiki/The_Yellow_Badge_of_Cowardge|25
Clown in the Dumps|https://simpsonswiki.com/wiki/Clown_in_the_Dumps|26
The Wreck of the Relationship|https://simpsonswiki.com/wiki/The_Wreck_of_the_Relationship|26
Super Franchise Me|https://simpsonswiki.com/wiki/Super_Franchise_Me|26
Treehouse of Horror XXV|https://simpsonswiki.com/wiki/Treehouse_of_Horror_XXV|26
Opposites A-Frack|https://simpsonswiki.com/wiki/Opposites_A-Frack|26
Simpsorama|https://simpsonswiki.com/wiki/Simpsorama|26
Blazed and Confused|https://simpsonswiki.com/wiki/Blazed_and_Confused|26
Covercraft|https://simpsonswiki.com/wiki/Covercraft|26
I Won't Be Home for Christmas|https://simpsonswiki.com/wiki/I_Won%27t_Be_Home_for_Christmas|26
The Man Who Came to Be Dinner|https://simpsonswiki.com/wiki/The_Man_Who_Came_to_Be_Dinner|26
Bart's New Friend|https://simpsonswiki.com/wiki/Bart%27s_New_Friend|26
The Musk Who Fell to Earth|https://simpsonswiki.com/wiki/The_Musk_Who_Fell_to_Earth|26
Walking Big & Tall|https://simpsonswiki.com/wiki/Walking_Big_%26_Tall|26
My Fare Lady|https://simpsonswiki.com/wiki/My_Fare_Lady|26
The Princess Guide|https://simpsonswiki.com/wiki/The_Princess_Guide|26
Sky Police|https://simpsonswiki.com/wiki/Sky_Police|26
Waiting for Duffman|https://simpsonswiki.com/wiki/Waiting_for_Duffman|26
Peeping Mom|https://simpsonswiki.com/wiki/Peeping_Mom|26
The Kids Are All Fight|https://simpsonswiki.com/wiki/The_Kids_Are_All_Fight|26
Let's Go Fly a Coot|https://simpsonswiki.com/wiki/Let%27s_Go_Fly_a_Coot|26
Bull-E|https://simpsonswiki.com/wiki/Bull-E|26
Mathlete's Feat|https://simpsonswiki.com/wiki/Mathlete%27s_Feat|26
Every Man's Dream|https://simpsonswiki.com/wiki/Every_Man%27s_Dream|27
'Cue Detective|https://simpsonswiki.com/wiki/%27Cue_Detective|27
Puffless|https://simpsonswiki.com/wiki/Puffless|27
Halloween of Horror|https://simpsonswiki.com/wiki/Halloween_of_Horror|27
Treehouse of Horror XXVI|https://simpsonswiki.com/wiki/Treehouse_of_Horror_XXVI|27
Friend with Benefit|https://simpsonswiki.com/wiki/Friend_with_Benefit|27
"Lisa with an ""S"""|https://simpsonswiki.com/wiki/Lisa_with_an_%22S%22|27
'Paths of Glory|https://simpsonswiki.com/wiki/%27Paths_of_Glory|27
Barthood|https://simpsonswiki.com/wiki/Barthood|27
The Girl Code|https://simpsonswiki.com/wiki/The_Girl_Code|27
Teenage Mutant Milk-Caused Hurdles|https://simpsonswiki.com/wiki/Teenage_Mutant_Milk-Caused_Hurdles|27
Much Apu About Something|https://simpsonswiki.com/wiki/Much_Apu_About_Something|27
Love Is in the N2-O2-Ar-CO2-Ne-He-CH4|https://simpsonswiki.com/wiki/Love_Is_in_the_N2-O2-Ar-CO2-Ne-He-CH4|27
Gal of Constant Sorrow|https://simpsonswiki.com/wiki/Gal_of_Constant_Sorrow|27
Lisa the Veterinarian|https://simpsonswiki.com/wiki/Lisa_the_Veterinarian|27
The Marge-ian Chronicles|https://simpsonswiki.com/wiki/The_Marge-ian_Chronicles|27
The Burns Cage|https://simpsonswiki.com/wiki/The_Burns_Cage|27
How Lisa Got Her Marge Back|https://simpsonswiki.com/wiki/How_Lisa_Got_Her_Marge_Back|27
Fland Canyon|https://simpsonswiki.com/wiki/Fland_Canyon|27
To Courier with Love|https://simpsonswiki.com/wiki/To_Courier_with_Love|27
Simprovised|https://simpsonswiki.com/wiki/Simprovised|27
Orange Is the New Yellow|https://simpsonswiki.com/wiki/Orange_Is_the_New_Yellow|27
Monty Burns' Fleeing Circus|https://simpsonswiki.com/wiki/Monty_Burns%27_Fleeing_Circus|28
Friends and Family|https://simpsonswiki.com/wiki/Friends_and_Family|28
The Town|https://simpsonswiki.com/wiki/The_Town|28
Treehouse of Horror XXVII|https://simpsonswiki.com/wiki/Treehouse_of_Horror_XXVII|28
Trust but Clarify|https://simpsonswiki.com/wiki/Trust_but_Clarify|28
There Will Be Buds|https://simpsonswiki.com/wiki/There_Will_Be_Buds|28
Havana Wild Weekend|https://simpsonswiki.com/wiki/Havana_Wild_Weekend|28
Dad Behavior|https://simpsonswiki.com/wiki/Dad_Behavior|28
The Last Traction Hero|https://simpsonswiki.com/wiki/The_Last_Traction_Hero|28
The Nightmare After Krustmas|https://simpsonswiki.com/wiki/The_Nightmare_After_Krustmas|28
Pork and Burns|https://simpsonswiki.com/wiki/Pork_and_Burns|28
The Great Phatsby: Part One|https://simpsonswiki.com/wiki/The_Great_Phatsby:_Part_One|28
The Great Phatsby: Part Two|https://simpsonswiki.com/wiki/The_Great_Phatsby:_Part_Two|28
Fatzcarraldo|https://simpsonswiki.com/wiki/Fatzcarraldo|28
The Cad and the Hat|https://simpsonswiki.com/wiki/The_Cad_and_the_Hat|28
Kamp Krustier|https://simpsonswiki.com/wiki/Kamp_Krustier|28
22 for 30|https://simpsonswiki.com/wiki/22_for_30|28
A Father's Watch|https://simpsonswiki.com/wiki/A_Father%27s_Watch|28
The Caper Chase|https://simpsonswiki.com/wiki/The_Caper_Chase|28
Looking for Mr. Goodbart|https://simpsonswiki.com/wiki/Looking_for_Mr._Goodbart|28
Moho House|https://simpsonswiki.com/wiki/Moho_House|28
Dogtown|https://simpsonswiki.com/wiki/Dogtown|28
The Serfsons|https://simpsonswiki.com/wiki/The_Serfsons|29
Springfield Splendor|https://simpsonswiki.com/wiki/Springfield_Splendor|29
Whistler's Father|https://simpsonswiki.com/wiki/Whistler%27s_Father|29
Treehouse of Horror XXVIII|https://simpsonswiki.com/wiki/Treehouse_of_Horror_XXVIII|29
Grampy Can Ya Hear Me|https://simpsonswiki.com/wiki/Grampy_Can_Ya_Hear_Me|29
The Old Blue Mayor She Ain't What She Used to Be|https://simpsonswiki.com/wiki/The_Old_Blue_Mayor_She_Ain%27t_What_She_Used_to_Be|29
Singin' in the Lane|https://simpsonswiki.com/wiki/Singin%27_in_the_Lane|29
Mr. Lisa's Opus|https://simpsonswiki.com/wiki/Mr._Lisa%27s_Opus|29
Gone Boy|https://simpsonswiki.com/wiki/Gone_Boy|29
Haw-Haw Land|https://simpsonswiki.com/wiki/Haw-Haw_Land|29
Frink Gets Testy|https://simpsonswiki.com/wiki/Frink_Gets_Testy|29
Homer Is Where the Art Isn't|https://simpsonswiki.com/wiki/Homer_Is_Where_the_Art_Isn%27t|29
3 Scenes Plus a Tag from a Marriage|https://simpsonswiki.com/wiki/3_Scenes_Plus_a_Tag_from_a_Marriage|29
Fears of a Clown|https://simpsonswiki.com/wiki/Fears_of_a_Clown|29
No Good Read Goes Unpunished|https://simpsonswiki.com/wiki/No_Good_Read_Goes_Unpunished|29
King Leer|https://simpsonswiki.com/wiki/King_Leer|29
Lisa Gets the Blues|https://simpsonswiki.com/wiki/Lisa_Gets_the_Blues|29
Forgive and Regret|https://simpsonswiki.com/wiki/Forgive_and_Regret|29
Left Behind|https://simpsonswiki.com/wiki/Left_Behind|29
Throw Grampa from the Dane|https://simpsonswiki.com/wiki/Throw_Grampa_from_the_Dane|29
Flanders' Ladder|https://simpsonswiki.com/wiki/Flanders%27_Ladder|29
Bart's Not Dead|https://simpsonswiki.com/wiki/Bart%27s_Not_Dead|30
Heartbreak Hotel|https://simpsonswiki.com/wiki/Heartbreak_Hotel|30
My Way or the Highway to Heaven|https://simpsonswiki.com/wiki/My_Way_or_the_Highway_to_Heaven|30
Treehouse of Horror XXIX|https://simpsonswiki.com/wiki/Treehouse_of_Horror_XXIX|30
Baby You Can't Drive My Car|https://simpsonswiki.com/wiki/Baby_You_Can%27t_Drive_My_Car|30
From Russia Without Love|https://simpsonswiki.com/wiki/From_Russia_Without_Love|30
Werking Mom|https://simpsonswiki.com/wiki/Werking_Mom|30
Krusty the Clown|https://simpsonswiki.com/wiki/Krusty_the_Clown_(episode)|30
Daddicus Finch|https://simpsonswiki.com/wiki/Daddicus_Finch|30
'Tis the 30th Season|https://simpsonswiki.com/wiki/%27Tis_the_30th_Season|30
Mad About the Toy|https://simpsonswiki.com/wiki/Mad_About_the_Toy|30
The Girl on the Bus|https://simpsonswiki.com/wiki/The_Girl_on_the_Bus|30
I'm Dancing as Fat as I Can|https://simpsonswiki.com/wiki/I%27m_Dancing_as_Fat_as_I_Can|30
The Clown Stays in the Picture|https://simpsonswiki.com/wiki/The_Clown_Stays_in_the_Picture|30
101 Mitigations|https://simpsonswiki.com/wiki/101_Mitigations|30
I Want You (She's So Heavy)|https://simpsonswiki.com/wiki/I_Want_You_(She%27s_So_Heavy)|30
E My Sports|https://simpsonswiki.com/wiki/E_My_Sports|30
Bart vs. Itchy & Scratchy|https://simpsonswiki.com/wiki/Bart_vs._Itchy_%26_Scratchy|30
Girl's in the Band|https://simpsonswiki.com/wiki/Girl%27s_in_the_Band|30
I'm Just a Girl Who Can't Say D'oh|https://simpsonswiki.com/wiki/I%27m_Just_a_Girl_Who_Can%27t_Say_D%27oh|30
D'oh Canada|https://simpsonswiki.com/wiki/D%27oh_Canada|30
Woo-Hoo Dunnit?|https://simpsonswiki.com/wiki/Woo-Hoo_Dunnit%3F|30
Crystal Blue-Haired Persuasion|https://simpsonswiki.com/wiki/Crystal_Blue-Haired_Persuasion|30
The Winter of Our Monetized Content|https://simpsonswiki.com/wiki/The_Winter_of_Our_Monetized_Content|31
Go Big or Go Homer|https://simpsonswiki.com/wiki/Go_Big_or_Go_Homer|31
The Fat Blue Line|https://simpsonswiki.com/wiki/The_Fat_Blue_Line|31
Treehouse of Horror XXX|https://simpsonswiki.com/wiki/Treehouse_of_Horror_XXX|31
Gorillas on the Mast|https://simpsonswiki.com/wiki/Gorillas_on_the_Mast|31
Marge the Lumberjill|https://simpsonswiki.com/wiki/Marge_the_Lumberjill|31
Livin La Pura Vida|https://simpsonswiki.com/wiki/Livin_La_Pura_Vida|31
Thanksgiving of Horror|https://simpsonswiki.com/wiki/Thanksgiving_of_Horror|31
Todd, Todd, Why Hast Thou Forsaken Me?|https://simpsonswiki.com/wiki/Todd,_Todd,_Why_Hast_Thou_Forsaken_Me%3F|31
Bobby, It's Cold Outside|https://simpsonswiki.com/wiki/Bobby,_It%27s_Cold_Outside|31
Hail to the Teeth|https://simpsonswiki.com/wiki/Hail_to_the_Teeth|31
The Miseducation of Lisa Simpson|https://simpsonswiki.com/wiki/The_Miseducation_of_Lisa_Simpson|31
Frinkcoin|https://simpsonswiki.com/wiki/Frinkcoin|31
Bart the Bad Guy|https://simpsonswiki.com/wiki/Bart_the_Bad_Guy|31
Screenless|https://simpsonswiki.com/wiki/Screenless|31
Better Off Ned|https://simpsonswiki.com/wiki/Better_Off_Ned|31
Highway to Well|https://simpsonswiki.com/wiki/Highway_to_Well|31
The Incredible Lightness of Being a Baby|https://simpsonswiki.com/wiki/The_Incredible_Lightness_of_Being_a_Baby|31
Warrin' Priests: Part One|https://simpsonswiki.com/wiki/Warrin%27_Priests:_Part_One|31
Warrin' Priests: Part Two|https://simpsonswiki.com/wiki/Warrin%27_Priests:_Part_Two|31
The Hateful Eight-Year-Olds|https://simpsonswiki.com/wiki/The_Hateful_Eight-Year-Olds|31
The Way of the Dog|https://simpsonswiki.com/wiki/The_Way_of_the_Dog|31
Undercover Burns|https://simpsonswiki.com/wiki/Undercover_Burns|32
I, Carumbus|https://simpsonswiki.com/wiki/I,_Carumbus|32
Now Museum, Now You Don't|https://simpsonswiki.com/wiki/Now_Museum,_Now_You_Don%27t|32
Treehouse of Horror XXXI|https://simpsonswiki.com/wiki/Treehouse_of_Horror_XXXI|32
The 7 Beer Itch|https://simpsonswiki.com/wiki/The_7_Beer_Itch|32
Podcast News|https://simpsonswiki.com/wiki/Podcast_News|32
Three Dreams Denied|https://simpsonswiki.com/wiki/Three_Dreams_Denied|32
The Road to Cincinnati|https://simpsonswiki.com/wiki/The_Road_to_Cincinnati|32
Sorry Not Sorry|https://simpsonswiki.com/wiki/Sorry_Not_Sorry|32
A Springfield Summer Christmas for Christmas|https://simpsonswiki.com/wiki/A_Springfield_Summer_Christmas_for_Christmas|32
The Dad-Feelings Limited|https://simpsonswiki.com/wiki/The_Dad-Feelings_Limited|32
Diary Queen|https://simpsonswiki.com/wiki/Diary_Queen|32
Wad Goals|https://simpsonswiki.com/wiki/Wad_Goals|32
Yokel Hero|https://simpsonswiki.com/wiki/Yokel_Hero|32
Do PizzaBots Dream of Electric Guitars?|https://simpsonswiki.com/wiki/Do_PizzaBots_Dream_of_Electric_Guitars%3F|32
Manger Things|https://simpsonswiki.com/wiki/Manger_Things|32
Uncut Femmes|https://simpsonswiki.com/wiki/Uncut_Femmes|32
Burger Kings|https://simpsonswiki.com/wiki/Burger_Kings|32
Panic on the Streets of Springfield|https://simpsonswiki.com/wiki/Panic_on_the_Streets_of_Springfield|32
Mother and Child Reunion|https://simpsonswiki.com/wiki/Mother_and_Child_Reunion|32
The Man from G.R.A.M.P.A.|https://simpsonswiki.com/wiki/The_Man_from_G.R.A.M.P.A.|32
The Last Barfighter|https://simpsonswiki.com/wiki/The_Last_Barfighter|32
The Star of the Backstage|https://simpsonswiki.com/wiki/The_Star_of_the_Backstage|33
Bart's in Jail!|https://simpsonswiki.com/wiki/Bart%27s_in_Jail!|33
Treehouse of Horror XXXII|https://simpsonswiki.com/wiki/Treehouse_of_Horror_XXXII|33
The Wayz We Were|https://simpsonswiki.com/wiki/The_Wayz_We_Were|33
Lisa's Belly|https://simpsonswiki.com/wiki/Lisa%27s_Belly|33
A Serious Flanders (Part 1)|https://simpsonswiki.com/wiki/A_Serious_Flanders_(Part_1)|33
A Serious Flanders (Part 2)|https://simpsonswiki.com/wiki/A_Serious_Flanders_(Part_2)|33
Portrait of a Lackey on Fire|https://simpsonswiki.com/wiki/Portrait_of_a_Lackey_on_Fire|33
Mothers and Other Strangers|https://simpsonswiki.com/wiki/Mothers_and_Other_Strangers|33
A Made Maggie|https://simpsonswiki.com/wiki/A_Made_Maggie|33
The Longest Marge|https://simpsonswiki.com/wiki/The_Longest_Marge|33
Pixelated and Afraid|https://simpsonswiki.com/wiki/Pixelated_and_Afraid|33
Boyz N the Highlands|https://simpsonswiki.com/wiki/Boyz_N_the_Highlands|33
You Won't Believe What This Episode Is About â Act Three Will Shock You!|https://simpsonswiki.com/wiki/You_Won%27t_Believe_What_This_Episode_Is_About_%E2%80%93_Act_Three_Will_Shock_You!|33
Bart the Cool Kid|https://simpsonswiki.com/wiki/Bart_the_Cool_Kid|33
Pretty Whittle Liar|https://simpsonswiki.com/wiki/Pretty_Whittle_Liar|33
The Sound of Bleeding Gums|https://simpsonswiki.com/wiki/The_Sound_of_Bleeding_Gums|33
My Octopus and a Teacher|https://simpsonswiki.com/wiki/My_Octopus_and_a_Teacher|33
Girls Just Shauna Have Fun|https://simpsonswiki.com/wiki/Girls_Just_Shauna_Have_Fun|33
Marge the Meanie|https://simpsonswiki.com/wiki/Marge_the_Meanie|33
Meat Is Murder|https://simpsonswiki.com/wiki/Meat_Is_Murder|33
Poorhouse Rock|https://simpsonswiki.com/wiki/Poorhouse_Rock|33
Habeas Tortoise|https://simpsonswiki.com/wiki/Habeas_Tortoise|34
One Angry Lisa|https://simpsonswiki.com/wiki/One_Angry_Lisa|34
Lisa the Boy Scout|https://simpsonswiki.com/wiki/Lisa_the_Boy_Scout|34
The King of Nice|https://simpsonswiki.com/wiki/The_King_of_Nice|34
Not It|https://simpsonswiki.com/wiki/Not_It|34
Treehouse of Horror XXXIII|https://simpsonswiki.com/wiki/Treehouse_of_Horror_XXXIII|34
From Beer to Paternity|https://simpsonswiki.com/wiki/From_Beer_to_Paternity|34
Step Brother from the Same Planet|https://simpsonswiki.com/wiki/Step_Brother_from_the_Same_Planet|34
When Nelson Met Lisa|https://simpsonswiki.com/wiki/When_Nelson_Met_Lisa|34
Game Done Changed|https://simpsonswiki.com/wiki/Game_Done_Changed|34
Top Goon|https://simpsonswiki.com/wiki/Top_Goon|34
My Life as a Vlog|https://simpsonswiki.com/wiki/My_Life_as_a_Vlog|34
The Many Saints of Springfield|https://simpsonswiki.com/wiki/The_Many_Saints_of_Springfield|34
Carl Carlson Rides Again|https://simpsonswiki.com/wiki/Carl_Carlson_Rides_Again|34
Bartless|https://simpsonswiki.com/wiki/Bartless|34
Hostile Kirk Place|https://simpsonswiki.com/wiki/Hostile_Kirk_Place|34
Pin Gal|https://simpsonswiki.com/wiki/Pin_Gal|34
Fan-ily Feud|https://simpsonswiki.com/wiki/Fan-ily_Feud|34
Write Off This Episode|https://simpsonswiki.com/wiki/Write_Off_This_Episode|34
The Very Hungry Caterpillars|https://simpsonswiki.com/wiki/The_Very_Hungry_Caterpillars|34
Clown V. Board of Education|https://simpsonswiki.com/wiki/Clown_V._Board_of_Education|34
Homer's Adventures Through the Windshield Glass|https://simpsonswiki.com/wiki/Homer%27s_Adventures_Through_the_Windshield_Glass|34
Homer's Crossing|https://simpsonswiki.com/wiki/Homer%27s_Crossing|35
A Mid-Childhood Night's Dream|https://simpsonswiki.com/wiki/A_Mid-Childhood_Night%27s_Dream|35
McMansion & Wife|https://simpsonswiki.com/wiki/McMansion_%26_Wife|35
Thirst Trap: A Corporate Love Story|https://simpsonswiki.com/wiki/Thirst_Trap:_A_Corporate_Love_Story|35
Treehouse of Horror XXXIV|https://simpsonswiki.com/wiki/Treehouse_of_Horror_XXXIV|35
Iron Marge|https://simpsonswiki.com/wiki/Iron_Marge|35
It's a Blunderful Life|https://simpsonswiki.com/wiki/It%27s_a_Blunderful_Life|35
Ae Bonny Romance|https://simpsonswiki.com/wiki/Ae_Bonny_Romance|35
Murder, She Boat|https://simpsonswiki.com/wiki/Murder,_She_Boat|35
Do the Wrong Thing|https://simpsonswiki.com/wiki/Do_the_Wrong_Thing|35
Frinkenstein's Monster|https://simpsonswiki.com/wiki/Frinkenstein%27s_Monster|35
Lisa Gets an F1|https://simpsonswiki.com/wiki/Lisa_Gets_an_F1|35
Clan of the Cave Mom|https://simpsonswiki.com/wiki/Clan_of_the_Cave_Mom|35
Night of the Living Wage|https://simpsonswiki.com/wiki/Night_of_the_Living_Wage|35
Cremains of the Day|https://simpsonswiki.com/wiki/Cremains_of_the_Day|35
TBA|https://simpsonswiki.com/wiki/TBA|35
TBA|https://simpsonswiki.com/wiki/TBA|35
TBA|https://simpsonswiki.com/wiki/TBA|35
