episode_name|episode_link
Simpsons Roasting On An Open Fire|https://nohomers.net/forums/index.php?threads/r-r-simpsons-roasting-on-an-open-fire.19086/
Bart the Genius|https://nohomers.net/forums/index.php?threads/rate-review-bart-the-genius.22736/
Homer's Odyssey|https://nohomers.net/forums/index.php?threads/homers-odyssey.20648/
There's No Disgrace Like Home|https://nohomers.net/forums/index.php?threads/rate-and-review-theres-no-disgrace-like-home-7g04.22009/
Bart the General|https://nohomers.net/forums/index.php?threads/r-r-bart-the-general.21108/
Moaning Lisa|https://nohomers.net/forums/index.php?threads/r-r-moaning-lisa.21156/
Call of the Simpsons|https://nohomers.net/forums/index.php?threads/r-r-call-of-the-simpsons.17207/
The Telltale Head|https://nohomers.net/forums/index.php?threads/r-r-the-telltale-head.21157/
Life on the Fast Lane|https://nohomers.net/forums/index.php?threads/r-r-life-on-the-fast-lane.19363/
Homer's Night Out|https://nohomers.net/forums/index.php?threads/r-r-homers-night-out.23143/
The Crepes of Wrath|https://nohomers.net/forums/index.php?threads/r-r-the-crepes-of-wrath.21106/
Krusty Gets Busted|https://nohomers.net/forums/index.php?threads/r-r-krusty-gets-busted.15013/
Some Enchanted Evening|https://nohomers.net/forums/index.php?threads/r-r-7g01-some-enchanted-evening.16911/
Bart Gets An 'F'|https://nohomers.net/forums/index.php?threads/r-r-bart-gets-an-f.19697/
Simpson and Delilah|https://nohomers.net/forums/index.php?threads/r-r-simpson-and-delilah.19751/
Treehouse of Horror|https://nohomers.net/forums/index.php?threads/r-r-treehouse-of-horror.19752/
Two Cars In Every Garage, Three Eyes On Every Fish|https://nohomers.net/forums/index.php?threads/r-r-two-cars-in-every-garage-three-eyes-on-every-fish.19574/
Dancin' Homer|https://nohomers.net/forums/index.php?threads/r-r-dancin-homer.17522/
Dead Putting Society|https://nohomers.net/forums/index.php?threads/rate-review-dead-putting-society-7f08.14825/
Bart vs. Thanksgiving|https://nohomers.net/forums/index.php?threads/bart-vs-thanksgiving.19658/
Bart The Daredevil|https://nohomers.net/forums/index.php?threads/r-r-bart-the-daredevil-15-years-on.21627/
Itchy & Scratchy & Marge|https://nohomers.net/forums/index.php?threads/r-r-itchy-scratchy-marge.19850/
Bart Gets Hit by a Car|https://nohomers.net/forums/index.php?threads/r-r-bart-gets-hit-by-a-car.16545/
One Fish, Two Fish, Blowfish, Blue Fish|https://nohomers.net/forums/index.php?threads/r-r-one-fish-two-fish-blowfish-bluefish.14377/
The Way We Was|https://nohomers.net/forums/index.php?threads/rate-and-review-the-way-we-was.16844/
Homer vs. Lisa & the 8th Commandment|https://nohomers.net/forums/index.php?threads/rate-and-review-homer-vs-lisa-and-the-8th-commandment.12837/
Principal Charming|https://nohomers.net/forums/index.php?threads/r-r-principal-charming.20069/
Oh Brother, Where Art Thou?|https://nohomers.net/forums/index.php?threads/r-r-oh-brother-where-art-thou.23463/
Bart's Dog Gets an F|https://nohomers.net/forums/index.php?threads/r-r-barts-dog-gets-an-f.22861/
Old Money|https://nohomers.net/forums/index.php?threads/rate-and-review-old-money.12849/
Brush With Greatness|https://nohomers.net/forums/index.php?threads/score-summarize-brush-with-greatness.21202/
Lisa's Substitute|https://nohomers.net/forums/index.php?threads/r-r-lisas-substitute.19036/
The War Of The Simpsons|https://nohomers.net/forums/index.php?threads/r-r-the-war-of-the-simpsons.13700/
Three Men and a Comic Book|https://nohomers.net/forums/index.php?threads/r-r-three-men-and-a-comic-book.21334/
Blood Feud|https://nohomers.net/forums/index.php?threads/r-r-blood-feud.10892/
Stark Raving Dad|https://nohomers.net/forums/index.php?threads/r-r-stark-raving-dad.23469/
Mr. Lisa Goes To Washington|https://nohomers.net/forums/index.php?threads/r-r-mr-lisa-goes-to-washington.14793/
When Flanders Failed|https://nohomers.net/forums/index.php?threads/rate-and-review-when-flanders-failed.18927/
Bart The Murderer|https://nohomers.net/forums/index.php?threads/r-r-bart-the-murderer.16153/
Homer Defined|https://nohomers.net/forums/index.php?threads/r-r-homer-defined.18839/
Like Father, Like Clown|https://nohomers.net/forums/index.php?threads/rate-review-like-father-like-clown.23184/
Treehouse of Horror II|https://nohomers.net/forums/index.php?threads/r-r-treehouse-of-horror-ii.17311/
Lisa's Pony|https://nohomers.net/forums/index.php?threads/r-r-lisas-pony.23482/
Saturdays of Thunder|https://nohomers.net/forums/index.php?threads/rate-and-review-saturdays-of-thunder.13383/
Flaming Moe's|https://nohomers.net/forums/index.php?threads/r-r-flaming-moes.19588/
Burns Verkaufen Der Kraftwerk|https://nohomers.net/forums/index.php?threads/r-r-burns-verkaufen-der-kraftwerk.14069/
I Married Marge|https://nohomers.net/forums/index.php?threads/ratenreview-i-married-marge.13698/
Radio Bart|https://nohomers.net/forums/index.php?threads/r-r-radio-bart.19563/
Lisa The Greek|https://nohomers.net/forums/index.php?threads/r-r-lisa-the-greek.19485/
Homer Alone|https://nohomers.net/forums/index.php?threads/r-r-homer-alone.23474/
Bart the Lover|https://nohomers.net/forums/index.php?threads/r-r-bart-the-lover.14017/
Homer at the Bat|https://nohomers.net/forums/index.php?threads/r-r-homer-at-the-bat.19287/
Separate Vocations|https://nohomers.net/forums/index.php?threads/r-r-separate-vocations.15680/
Dog Of Death|https://nohomers.net/forums/index.php?threads/r-r-dog-of-death.23339/
Colonel Homer|https://nohomers.net/forums/index.php?threads/r-r-colonel-homer.16342/
Black Widower|https://nohomers.net/forums/index.php?threads/r-r-black-widower.19035/
The Otto Show|https://nohomers.net/forums/index.php?threads/r-r-the-otto-show.20012/
Bart's Friend Falls in Love|https://nohomers.net/forums/index.php?threads/rate-review-barts-friend-falls-in-love.13971/
Brother Can You Spare Two Dimes?|https://nohomers.net/forums/index.php?threads/rate-and-review-brother-can-you-spare-me-2-dimes.19749/
Kamp Krusty|https://nohomers.net/forums/index.php?threads/rate-and-review-kamp-krusty.16233/
A Streetcar Named Marge|https://nohomers.net/forums/index.php?threads/rate-and-review-a-streetcar-named-marge.16241/
Homer the Heretic|https://nohomers.net/forums/index.php?threads/rate-and-review-homer-the-heretic.16252/
Lisa the Beauty Queen|https://nohomers.net/forums/index.php?threads/rate-and-review-lisa-the-beauty-queen.16254/
Treehouse of Horror III|https://nohomers.net/forums/index.php?threads/rate-and-review-treehouse-of-horror-iii.16267/
Itchy & Scratchy: The Movie|https://nohomers.net/forums/index.php?threads/rate-and-review-itchy-and-scratchy-the-movie.16274/
Marge Gets a Job|https://nohomers.net/forums/index.php?threads/rate-and-review-marge-gets-a-job.16285/
New Kid on the Block|https://nohomers.net/forums/index.php?threads/rate-and-review-new-kid-on-the-block.16300/
Mr. Plow|https://nohomers.net/forums/index.php?threads/rate-and-review-mr-plow.16305/
Lisa's First Word|https://nohomers.net/forums/index.php?threads/rate-and-review-lisas-first-word.16308/
Homer's Triple Bypass|https://nohomers.net/forums/index.php?threads/rate-and-review-homers-triple-bypass.16343/
Marge vs. the Monorail|https://nohomers.net/forums/index.php?threads/rate-and-review-marge-vs-the-monorail.16361/
Selma's Choice|https://nohomers.net/forums/index.php?threads/rate-and-review-selmas-choice.16371/
Brother From the Same Planet|https://nohomers.net/forums/index.php?threads/r-r-brother-from-the-same-planet.21303/
I Love Lisa|https://nohomers.net/forums/index.php?threads/rate-and-review-i-love-lisa.16410/
Duffless|https://nohomers.net/forums/index.php?threads/rate-and-review-duffless.16413/
Last Exit to Springfield|https://nohomers.net/forums/index.php?threads/r-r-last-exit-to-springfield.13766/
So It's Come To This: A Simpsons Clip Show|https://nohomers.net/forums/index.php?threads/rate-review-so-its-come-to-this-a-simpsons-clip-show.11587/
The Front|https://nohomers.net/forums/index.php?threads/rate-review-the-front.10871/
Whacking Day|https://nohomers.net/forums/index.php?threads/rate-and-review-whacking-day.16479/
Marge in Chains|https://nohomers.net/forums/index.php?threads/rate-and-review-marge-in-chains.16490/
Krusty Gets Kancelled|https://nohomers.net/forums/index.php?threads/rate-review-krusty-gets-kancelled.22940/
Homer's Barbershop Quartet|https://nohomers.net/forums/index.php?threads/rate-review-homers-barbershop-quartet.22955/
Cape Feare|https://nohomers.net/forums/index.php?threads/rate-review-cape-feare.12941/
Homer Goes To College|https://nohomers.net/forums/index.php?threads/r-r-homer-goes-to-college.19350/
Rosebud|https://nohomers.net/forums/index.php?threads/r-r-rosebud-most-absurd-episode-ever.17788/
Treehouse Of Horror IV|https://nohomers.net/forums/index.php?threads/rate-review-treehouse-of-horror-iv.12297/
Marge On The Lam|https://nohomers.net/forums/index.php?threads/r-r-marge-on-the-lam.20330/
Bart's Inner Child|https://nohomers.net/forums/index.php?threads/r-r-barts-inner-child.15461/
Boy-Scoutz 'n the Hood|https://nohomers.net/forums/index.php?threads/rate-and-review-boy-scoutz-n-the-hood-1f06.13438/
The Last Temptation of Homer|https://nohomers.net/forums/index.php?threads/r-r-the-last-temptation-of-homer.17591/
$pringfield (Or, How I Learned to Stop Worrying and Love Legalized Gambling)|https://nohomers.net/forums/index.php?threads/rate-review-pringfield.13233/
Homer the Vigilante|https://nohomers.net/forums/index.php?threads/rate-review-homer-the-vigilante.12734/
Bart Gets Famous|https://nohomers.net/forums/index.php?threads/r-r-bart-gets-famous.21119/
Homer and Apu|https://nohomers.net/forums/index.php?threads/r-r-homer-and-apu.21047/
Lisa vs. Malibu Stacy|https://nohomers.net/forums/index.php?threads/r-r-lisa-vs-malibu-stacy.20090/
Deep Space Homer|https://nohomers.net/forums/index.php?threads/r-r-deep-space-homer.13822/
Homer Loves Flanders|https://nohomers.net/forums/index.php?threads/rate-review-homer-loves-flanders.17919/
Bart Gets an Elephant|https://nohomers.net/forums/index.php?threads/rate-review-bart-gets-an-elephant.18716/
Burns' Heir|https://nohomers.net/forums/index.php?threads/rate-review-burns-heir.22091/
Sweet Seymour Skinner's Baadasssss Song|https://nohomers.net/forums/index.php?threads/r-r-sweet-seymour-skinners-baadasssss-song.18642/
The Boy Who Knew Too Much|https://nohomers.net/forums/index.php?threads/rate-and-review-the-boy-who-knew-too-much.18167/
Lady Bouvier's Lover|https://nohomers.net/forums/index.php?threads/rate-review-lady-bouviers-lover.23329/
Secrets of a Successful Marriage|https://nohomers.net/forums/index.php?threads/r-r-secrets-of-a-successful-marriage.23065/
Bart Of Darkness|https://nohomers.net/forums/index.php?threads/r-r-bart-of-darkness.18696/
Lisa's Rival|https://nohomers.net/forums/index.php?threads/rate-review-lisas-rival.21395/
Another Simpsons Clip Show|https://nohomers.net/forums/index.php?threads/rate-review-another-simpsons-clip-show.20651/
Itchy and Scratchy Land|https://nohomers.net/forums/index.php?threads/r-r-itchy-and-scratchy-land.22786/
Sideshow Bob Roberts|https://nohomers.net/forums/index.php?threads/rate-and-review-sideshow-bob-roberts.20030/
Treehouse Of Horror V|https://nohomers.net/forums/index.php?threads/r-r-for-treehouse-of-horror-v.23488/
Bart's Girlfriend|https://nohomers.net/forums/index.php?threads/rate-and-review-barts-girlfriend.23018/
Lisa On Ice|https://nohomers.net/forums/index.php?threads/rate-and-review-lisa-on-ice.20299/
Homer: Badman|https://nohomers.net/forums/index.php?threads/r-r-homer-badman.18290/
Grampa vs Sexual Inadequacy|https://nohomers.net/forums/index.php?threads/rate-review-grampa-vs-sexual-inadequacy.10554/
Fear Of Flying|https://nohomers.net/forums/index.php?threads/rate-and-review-fear-of-flying.18311/
Homer the Great|https://nohomers.net/forums/index.php?threads/homer-the-great.19626/
And Maggie Makes Three|https://nohomers.net/forums/index.php?threads/rate-review-and-maggie-makes-three.13713/
Bart's Comet|https://nohomers.net/forums/index.php?threads/barts-comet.21479/
Homie The Clown|https://nohomers.net/forums/index.php?threads/rate-and-review-homie-the-clown.14598/
Bart vs Australia|https://nohomers.net/forums/index.php?threads/rate-and-review-bart-vs-australia.13118/
Homer vs. Patty & Selma|https://nohomers.net/forums/index.php?threads/rate-and-review-homer-vs-patty-and-selma.23335/
A Star is Burns|https://nohomers.net/forums/index.php?threads/r-r-a-star-is-burns.23305/
Lisa's Wedding|https://nohomers.net/forums/index.php?threads/rate-and-review-lisas-wedding.13760/
Two Dozen and One Greyhounds|https://nohomers.net/forums/index.php?threads/rate-and-review-two-dozen-one-greyhounds-2f18.13429/
The PTA Disbands|https://nohomers.net/forums/index.php?threads/rate-review-the-pta-disbands.18640/
'Round Springfield|https://nohomers.net/forums/index.php?threads/r-r-round-springfield.20410/
The Springfield Connection|https://nohomers.net/forums/index.php?threads/r-r-the-springfield-connection.15769/
Lemon of Troy|https://nohomers.net/forums/index.php?threads/rate-and-review-the-lemon-of-troy.14865/
Who Shot Mr Burns? (Part One)|https://nohomers.net/forums/index.php?threads/r-r-who-shot-mr-burns-part-one.16580/
Who Shot Mr Burns? (Part Two)|https://nohomers.net/forums/index.php?threads/r-r-who-shot-mr-burns-part-two.16581/%22
Radioactive Man|https://nohomers.net/forums/index.php?threads/rate-review-radioactive-man.18882/
Home Sweet Home Diddly-Dum-Doodily|https://nohomers.net/forums/index.php?threads/r-r-home-sweet-homediddly-dum-doodily.21937/
Bart Sells His Soul|https://nohomers.net/forums/index.php?threads/bart-sells-his-soul.19033/
Lisa The Vegetarian|https://nohomers.net/forums/index.php?threads/rate-and-review-lisa-the-vegetarian.15942/
Treehouse Of Horror VI|https://nohomers.net/forums/index.php?threads/r-r-treehouse-of-horror-vi.18728/
King Size Homer|https://nohomers.net/forums/index.php?threads/rate-and-review-king-size-homer.10968/
Mother Simpson|https://nohomers.net/forums/index.php?threads/r-r-mother-simpson.18122/
Sideshow Bob's Last Gleaming|https://nohomers.net/forums/index.php?threads/r-r-sideshow-bobs-last-gleaming.23492/
The Simpsons 138th Episode Spectacular|https://nohomers.net/forums/index.php?threads/rate-and-review-simpsons-138th-episode-spectacular.13677/
Marge Be Not Proud|https://nohomers.net/forums/index.php?threads/r-r-marge-be-not-proud.17700/
Team Homer|https://nohomers.net/forums/index.php?threads/rate-review-team-homer.11715/
Two Bad Neighbours|https://nohomers.net/forums/index.php?threads/r-r-two-bad-neighbours.16763/
Scenes From the Class Struggle in Springfield|https://nohomers.net/forums/index.php?threads/r-r-scenes-from-the-class-struggle-in-springfield.19503/
Bart the Fink|https://nohomers.net/forums/index.php?threads/r-r-bart-the-fink.16737/
Lisa the Iconoclast|https://nohomers.net/forums/index.php?threads/rate-and-review-lisa-the-iconoclast.18583/
Homer the Smithers|https://nohomers.net/forums/index.php?threads/r-r-homer-the-smithers.16473/
The Day The Violence Died|https://nohomers.net/forums/index.php?threads/rate-and-review-the-day-violence-died.18787/
A Fish Caled Selma|https://nohomers.net/forums/index.php?threads/rate-review-a-fish-called-selma.18887/
Bart on the Road|https://nohomers.net/forums/index.php?threads/r-r-bart-on-the-road.17796/
22 Short Films About Springfield|https://nohomers.net/forums/index.php?threads/rate-review-22-short-films-about-springfield.17912/
"Raging Abe Simpson and his Grumbling Grandson in ""The Curse of the Flying Helfish"""|https://nohomers.net/forums/index.php?threads/r-r-raging-abe-simpson-and-his-grumbling-grandson-in-curse-of-the-flying-hellfish.22400/
Much Apu About Nothing|https://nohomers.net/forums/index.php?threads/r-r-much-apu-about-nothing.22983/
Homerpalooza|https://nohomers.net/forums/index.php?threads/rate-review-homerpalooza.11120/
Summer of 4ft 2|https://nohomers.net/forums/index.php?threads/rate-and-review-summer-of-the-4-2.23092/
Treehouse Of Horror VII|https://nohomers.net/forums/index.php?threads/rate-and-review-treehouse-of-horror-vii.20163/
You Only Move Twice|https://nohomers.net/forums/index.php?threads/r-r-you-only-move-twice.18199/
The Homer They Fall|https://nohomers.net/forums/index.php?threads/r-r-homer-they-fall.16774/
Burns, Baby Burns|https://nohomers.net/forums/index.php?threads/rate-and-review-burns-baby-burns.18429/
Bart After Dark|https://nohomers.net/forums/index.php?threads/rate-review-bart-after-dark.22816/
A Milhouse Divided|https://nohomers.net/forums/index.php?threads/rate-and-review-a-milhouse-divided.18307/
Lisa's Date With Density|https://nohomers.net/forums/index.php?threads/r-r-lisas-date-with-density.20126/
Hurricane Neddy|https://nohomers.net/forums/index.php?threads/r-r-hurricane-neddy.18801/
El Viaje Misterioso de Nuestro Jomer|https://nohomers.net/forums/index.php?threads/r-r-el-viaje-misterioso-du-nuestro-jomer.16018/
The Springfield Files|https://nohomers.net/forums/index.php?threads/rate-review-the-springfield-files.5700/
The Twisted World of Marge Simpson|https://nohomers.net/forums/index.php?threads/rate-review-the-twisted-world-of-marge-simpson.21931/
Mountain of Madness|https://nohomers.net/forums/index.php?threads/r-r-mountain-of-madness.21276/
Simpsoncalifragilisticexpila(Annoyed Grunt)cious|https://nohomers.net/forums/index.php?threads/rate-review-simpsoncalifragilisticexpiala-annoyed-grunt-cious.13597/
The Itchy and Scratchy and Poochie Show|https://nohomers.net/forums/index.php?threads/r-r-the-itchy-and-scratchy-and-poochie-show.20517/
Homer's Phobia|https://nohomers.net/forums/index.php?threads/r-r-homers-phobia.18387/
Brother From Another Series|https://nohomers.net/forums/index.php?threads/rate-and-review-brother-from-another-series.19736/
My Sister, My Sitter|https://nohomers.net/forums/index.php?threads/r-r-my-sister-my-sitter.19454/
Homer vs. the 18th Amendment|https://nohomers.net/forums/index.php?threads/rate-and-review-homer-vs-the-eighteenth-amendment.18634/
Grade School Confidential|https://nohomers.net/forums/index.php?threads/r-r-grade-school-confidential.23498/
The Canine Mutiny|https://nohomers.net/forums/index.php?threads/r-r-the-canine-mutiny.20490/
The Old Man and the Lisa|https://nohomers.net/forums/index.php?threads/rate-and-review-the-old-man-and-the-lisa.21466/
In Marge We Trust|https://nohomers.net/forums/index.php?threads/rate-and-review-in-marge-we-trust.15764/
Homer's Enemy|https://nohomers.net/forums/index.php?threads/r-r-homers-enemy.19320/
The Simpsons Spinoff Showcase|https://nohomers.net/forums/index.php?threads/rate-and-review-simpsons-spinoff-showcase.18631/
The Secret War of Lisa Simpson|https://nohomers.net/forums/index.php?threads/the-secret-war-of-lisa-simpson.19584/
The City of New York vs. Homer Simpson|https://nohomers.net/forums/index.php?threads/r-r-the-city-of-new-york-vs-homer-simpson.20274/
The Principal and the Pauper|https://nohomers.net/forums/index.php?threads/rate-and-review-the-principal-and-the-pauper.18413/
Lisa's Sax|https://nohomers.net/forums/index.php?threads/r-r-lisas-sax.18528/
Treehouse of Horror VIII|https://nohomers.net/forums/index.php?threads/r-r-treehouse-of-horror-viii.14585/
The Cartridge Family|https://nohomers.net/forums/index.php?threads/rate-and-review-the-cartridge-family.19542/
Bart Star|https://nohomers.net/forums/index.php?threads/rate-and-review-bart-star.18395/
The Two Mrs. Nahasapeemapetilons|https://nohomers.net/forums/index.php?threads/r-r-the-two-mrs-nahasapeemapetilons.23503/
Lisa the Skeptic|https://nohomers.net/forums/index.php?threads/rate-and-review-lisa-the-skeptic.18549/
Realty Bites|https://nohomers.net/forums/index.php?threads/r-r-realty-bites.21193/
All Singing, All Dancing|https://nohomers.net/forums/index.php?threads/all-singing-all-dancing.18585/
Miracle on Evergreen Terrace|https://nohomers.net/forums/index.php?threads/r-r-miracle-on-evergreen-terrace.19981/
Bart Carny|https://nohomers.net/forums/index.php?threads/r-r-bart-carny.18853/
The Joy of Sect|https://nohomers.net/forums/index.php?threads/rate-review-the-joy-of-sect.22454/
Das Bus|https://nohomers.net/forums/index.php?threads/rate-review-das-bus.22803/
The Last Temptation of Krust|https://nohomers.net/forums/index.php?threads/r-r-the-last-temptation-of-krust.14840/
Dumbbell Indemnity|https://nohomers.net/forums/index.php?threads/r-r-dumbbell-indemnity.18718/
Lisa the Simpson|https://nohomers.net/forums/index.php?threads/r-r-lisa-the-simpson.19654/
This Little Wiggy|https://nohomers.net/forums/index.php?threads/r-r-this-little-wiggy.21210/
Simpson Tide|https://nohomers.net/forums/index.php?threads/rate-review-simpson-tide.17459/
The Trouble With Trillions|https://nohomers.net/forums/index.php?threads/r-r-trouble-with-trillions.15593/
Girly Edition|https://nohomers.net/forums/index.php?threads/girly-edition-do-you-like-it-or-hate-it.22361/
Trash of the Titans|https://nohomers.net/forums/index.php?threads/r-r-trash-of-the-titans.19779/
King of the Hill|https://nohomers.net/forums/index.php?threads/rate-and-review-king-of-the-hill.18405/
Lost Our Lisa|https://nohomers.net/forums/index.php?threads/r-r-lost-our-lisa.18599/
Natural Born Kissers|https://nohomers.net/forums/index.php?threads/r-r-natural-born-kissers.18195/
Lard of the Dance|https://nohomers.net/forums/index.php?threads/rate-and-review-lard-of-the-dance.22144/
The Wizard of Evergreen Terrace|https://nohomers.net/forums/index.php?threads/r-r-wizard-of-evergreen-terrance.19268/
Bart the Mother|https://nohomers.net/forums/index.php?threads/rate-and-review-bart-the-mother.22145/
Treehouse of Horror IX|https://nohomers.net/forums/index.php?threads/r-r-treehouse-of-horror-9.18856/
When You Dish Upon a Star|https://nohomers.net/forums/index.php?threads/rate-or-review-when-you-dish-upon-a-star.22309/
D'oh-in' in the Wind|https://nohomers.net/forums/index.php?threads/rate-review-doh-in-the-wind.22508/
Lisa Gets An 'A'|https://nohomers.net/forums/index.php?threads/r-r-lisa-gets-an-a.19354/
"Homer Simpson in: ""Kidney Trouble"""|https://nohomers.net/forums/index.php?threads/homer-simpson-in-kidney-trouble.22284/
Mayored to the Mob|https://nohomers.net/forums/index.php?threads/r-r-mayored-to-the-mob.20133/
Viva Ned Flanders|https://nohomers.net/forums/index.php?threads/viva-ned-flanders.19609/
Wild Barts Can't Be Broken|https://nohomers.net/forums/index.php?threads/r-r-wild-barts-cant-be-broken.15477/
Sunday Cruddy Sunday|https://nohomers.net/forums/index.php?threads/rate-and-review-sunday-cruddy-sunday.21026/
Homer to the Max|https://nohomers.net/forums/index.php?threads/rate-review-homer-to-the-max.23047/
I'm With Cupid|https://nohomers.net/forums/index.php?threads/im-with-cupid-best-season-10-episode.23008/
"Marge Simpson in: ""Screaming Yellow Honkers"""|https://nohomers.net/forums/index.php?threads/rate-review-marge-simpson-in-screaming-yellow-honkers.11451/
Make Room for Lisa|https://nohomers.net/forums/index.php?threads/rate-review-make-room-for-lisa.13041/
Maximum Homerdrive|https://nohomers.net/forums/index.php?threads/r-r-maximum-homerdrive.16618/
Simpson Bible Stories|https://nohomers.net/forums/index.php?threads/rate-review-simpson-bible-stories.7640/
Mom And Pop Art|https://nohomers.net/forums/index.php?threads/r-r-mom-pop-art.20071/
The Old Man And The 'C' Student|https://nohomers.net/forums/index.php?threads/r-r-the-old-man-and-the-c-student.20097/
Monty Can't Buy Me Love|https://nohomers.net/forums/index.php?threads/rate-review-monty-cant-buy-me-love.11003/
They Saved Lisa's Brain|https://nohomers.net/forums/index.php?threads/r-r-they-saved-lisas-brain.21862/
Thirty Minutes Over Tokyo|https://nohomers.net/forums/index.php?threads/rate-and-review-thirty-minutes-over-tokyo.22898/
Beyond Blunderdome|https://nohomers.net/forums/index.php?threads/r-r-beyond-blunderdome.18732/
Brother's Little Helper|https://nohomers.net/forums/index.php?threads/rate-review-brothers-little-helper.13806/
Guess Who's Coming to Criticize Dinner|https://nohomers.net/forums/index.php?threads/rate-review-guess-whos-coming-to-criticize-dinner.19407/
Treehouse of Horror X|https://nohomers.net/forums/index.php?threads/treehouse-of-horror-ten.18468/
E-I-E-I-D'oh|https://nohomers.net/forums/index.php?threads/rate-and-review-e-i-e-i-doh.23084/
Hello Gutter Hello Fadder|https://nohomers.net/forums/index.php?threads/r-r-hello-gutter-hello-fadder.16183/
Eight Misbehavin'|https://nohomers.net/forums/index.php?threads/rate-and-review-eight-misbehavin.18613/
Take My Wife, Sleaze|https://nohomers.net/forums/index.php?threads/r-r-take-my-wife-sleaze.21769/
Grift of the Magi|https://nohomers.net/forums/index.php?threads/r-r-grift-of-the-magi.13706/
Little Big Mom|https://nohomers.net/forums/index.php?threads/r-r-little-big-mom.19973/
Faith Off|https://nohomers.net/forums/index.php?threads/r-r-faith-off.21786/
The Mansion Family|https://nohomers.net/forums/index.php?threads/rate-and-review-the-mansion-family-babf08.21802/
Saddlesore Galactica|https://nohomers.net/forums/index.php?threads/rate-and-review-saddlesore-galactica-babf09.21816/
Alone Again, Natura-diddily|https://nohomers.net/forums/index.php?threads/rate-review-alone-again-natura-diddly.22073/
Missionary: Impossible|https://nohomers.net/forums/index.php?threads/rate-and-review-missionary-impossible.19083/
Pygmoelian|https://nohomers.net/forums/index.php?threads/r-r-pygmoelian.18733/
Bart to the Future|https://nohomers.net/forums/index.php?threads/r-r-bart-to-the-future.22321/
Days of Wine and D'ohses|https://nohomers.net/forums/index.php?threads/rate-review-days-of-wine-and-dohses.21882/
Last Tap Dance in Springfield|https://nohomers.net/forums/index.php?threads/rate-and-review-last-tap-dance-in-springfield.23093/
Kill the Alligator and Run|https://nohomers.net/forums/index.php?threads/rate-review-kill-the-alligator-and-run.22774/
It's a Mad, Mad, Mad, Mad, Mad Marge|https://nohomers.net/forums/index.php?threads/its-that-time-again-2009-edition-r-r-its-a-mad-mad-mad-mad-marge.22928/
Behind the Laughter|https://nohomers.net/forums/index.php?threads/r-r-behind-the-laughter.21954/
A Tale of Two Springfields|https://nohomers.net/forums/index.php?threads/r-r-a-tale-of-two-springfields.17040/
Treehouse of Horror XI|https://nohomers.net/forums/index.php?threads/r-r-thohxi.23174/
Insane Clown Poppy|https://nohomers.net/forums/index.php?threads/r-r-insane-clown-poppy.23227/
Lisa the Treehugger|https://nohomers.net/forums/index.php?threads/r-r-lisa-the-treehugger.21282/
Homer vs Dignity|https://nohomers.net/forums/index.php?threads/r-r-homer-vs-dignity.20108/
The Computer Wore Menace Shoes|https://nohomers.net/forums/index.php?threads/r-r-the-computer-wore-menace-shoes.21426/
The Great Money Caper|https://nohomers.net/forums/index.php?threads/r-r-the-great-money-caper.19505/
Skinner's Sense of Snow|https://nohomers.net/forums/index.php?threads/r-r-skinners-sense-of-snow.17710/
HOMR|https://nohomers.net/forums/index.php?threads/r-r-homr.20083/
Pokey Mom|https://nohomers.net/forums/index.php?threads/r-r-pokey-mom.19491/
Tennis the Menace|https://nohomers.net/forums/index.php?threads/rate-and-review-tennis-the-menace.21637/
Worst Episode Ever|https://nohomers.net/forums/index.php?threads/rate-and-review-worst-episode-ever.22733/
Day of the Jackanapes|https://nohomers.net/forums/index.php?threads/r-r-the-day-of-the-jackanapes.18034/
New Kids on the Blecch|https://nohomers.net/forums/index.php?threads/r-r-new-kids-on-the-blecch.20112/
Hungry Hungry Homer|https://nohomers.net/forums/index.php?threads/r-r-hungry-hungry-homer.19823/
Bye Bye Nerdie|https://nohomers.net/forums/index.php?threads/r-r-bye-bye-nerdie.19530/
Simpson Safari|https://nohomers.net/forums/index.php?threads/rate-and-review-simpson-safari.18172/
Trilogy of Error|https://nohomers.net/forums/index.php?threads/rate-and-review-trilogy-of-error.22476/
I'm Going to Praiseland|https://nohomers.net/forums/index.php?threads/r-r-im-goin-to-praiseland.13617/
Children of a Lesser Clod|https://nohomers.net/forums/index.php?threads/r-r-children-of-a-lesser-clod-real-one.20934/
Simpson Tall Tales|https://nohomers.net/forums/index.php?threads/rate-review-simpsons-tall-tales.19336/
Treehouse of Horror XII|https://nohomers.net/forums/index.php?threads/reviews-treehouse-of-horror-xii.118/
The Parent Rap|https://nohomers.net/forums/index.php?threads/reviews-the-parent-rap.279/
Homer the Moe|https://nohomers.net/forums/index.php?threads/homer-the-moe-reviews.461/
A Hunka Hunka Burns in Love|https://nohomers.net/forums/index.php?threads/review-a-hunka-hunka-burns-in-love.759/
The Blunder Years|https://nohomers.net/forums/index.php?threads/how-would-you-rate-the-blunder-years-episode.894/
She of Little Faith|https://nohomers.net/forums/index.php?threads/how-would-you-rate-she-of-little-faith-episode.1013/
Brawl in the Family|https://nohomers.net/forums/index.php?threads/how-would-you-rate-brawl-in-the-family.1359/
Sweets and Sour Marge|https://nohomers.net/forums/index.php?threads/how-would-you-rate-sweets-and-sour-marge.1684/
Jaws Wired Shut|https://nohomers.net/forums/index.php?threads/how-would-you-rate-jaws-wired-shut.1892/
Half-Decent Proposal|https://nohomers.net/forums/index.php?threads/how-would-you-rate-half-decent-proposal-dabf04.2255/
The Bart Wants What it Wants|https://nohomers.net/forums/index.php?threads/how-would-you-rate-the-bart-wants-what-it-wants-dabf06.2452/
The Lastest Gun in the West|https://nohomers.net/forums/index.php?threads/rate-the-lastest-gun-in-the-west-dabf07.2701/
The Old Man and the Key|https://nohomers.net/forums/index.php?threads/how-would-you-rate-the-old-man-and-the-key.3113/
Tales From the Public Domain|https://nohomers.net/forums/index.php?threads/review-tales-from-the-public-domain.3280/
Blame it on Lisa|https://nohomers.net/forums/index.php?threads/how-would-you-rate-blame-it-on-lisa-dabf10.3626/
Weekend at Burnsie's|https://nohomers.net/forums/index.php?threads/how-would-you-rate-weekend-at-burnsies-dabf11.3817/
Gump Roast|https://nohomers.net/forums/index.php?threads/how-would-you-rate-gump-roast-dabf12.4145/
I am Furious (Yellow)|https://nohomers.net/forums/index.php?threads/review-i-am-furious-yellow.4347/
The Sweetest Apu|https://nohomers.net/forums/index.php?threads/your-review-of-the-sweetest-apu-dabf14.4521/
Little Girl in the Big Ten|https://nohomers.net/forums/index.php?threads/how-would-you-rate-little-girl-in-the-big-ten-dabf15.4669/
The Frying Game|https://nohomers.net/forums/index.php?threads/how-would-you-rate-the-frying-game-dabf16.4785/
Poppa's Got a Brand New Badge|https://nohomers.net/forums/index.php?threads/how-would-you-rate-poppas-got-a-brand-new-badge-dabf17.4860/
Treehouse of Horror XIII|https://nohomers.net/forums/index.php?threads/rate-review-treehouse-of-horror-xiii-dabf19.8039/
How I Spent My Strummer Vacation|https://nohomers.net/forums/index.php?threads/rate-review-how-i-spent-my-strummer-vacation-dabf22.8231/
Bart Vs. Lisa Vs. The Third Grade|https://nohomers.net/forums/index.php?threads/rate-review-bart-vs-lisa-vs-the-third-grade-dabf20.8414/
Large Marge|https://nohomers.net/forums/index.php?threads/rate-review-large-marge-dabf18.8635/
Helter Shelter|https://nohomers.net/forums/index.php?threads/rate-review-helter-shelter-dabf21.8821/
The Great Louse Detective|https://nohomers.net/forums/index.php?threads/rate-review-the-great-louse-detective-eabf01.9208/
Special Edna|https://nohomers.net/forums/index.php?threads/rate-review-special-edna-eabf02.9729/
The Dad Who Knew Too Little|https://nohomers.net/forums/index.php?threads/rate-review-the-dad-who-knew-too-little-eabf03.9881/
Strong Arms Of The Ma|https://nohomers.net/forums/index.php?threads/rate-review-strong-arms-of-the-ma-eabf04.10401/
Pray Anything|https://nohomers.net/forums/index.php?threads/rate-review-pray-anything-eabf06.10527/
Barting Over|https://nohomers.net/forums/index.php?threads/rate-review-barting-over-eabf05.10719/
I'm Spelling As Fast As I Can|https://nohomers.net/forums/index.php?threads/rate-review-im-spelling-as-fast-as-i-can-eabf07.10720/
A Star is Born-Again|https://nohomers.net/forums/index.php?threads/rate-review-a-star-is-born-again-eabf08.11091/
Mr. Spritz Goes to Washington|https://nohomers.net/forums/index.php?threads/rate-review-mr-spritz-goes-to-washington-eabf09.11214/
C.E.D'oh|https://nohomers.net/forums/index.php?threads/rate-review-c-e-doh-eabf10.11359/
'Scuse Me While I Miss the Sky|https://nohomers.net/forums/index.php?threads/rate-and-review-scuse-me-while-i-miss-the-sky.11623/
Three Gays of the Condo|https://nohomers.net/forums/index.php?threads/rate-review-three-gays-of-the-condo-eabf12.11810/
Dude, Where's My Ranch?|https://nohomers.net/forums/index.php?threads/rate-review-dude-wheres-my-ranch-eabf13.12028/
Old Yeller-Belly|https://nohomers.net/forums/index.php?threads/rate-review-old-yeller-belly-eabf14.12132/
Brake My Wife, Please|https://nohomers.net/forums/index.php?threads/rate-review-brake-my-wife-please-eabf15.12241/
The Bart of War|https://nohomers.net/forums/index.php?threads/rate-review-the-bart-of-war-season-finale-part-1-eabf16.12327/
Moe Baby Blues|https://nohomers.net/forums/index.php?threads/rate-review-moe-baby-blues-season-finale-part-2-eabf17.12328/
Treehouse of Horror XIV|https://nohomers.net/forums/index.php?threads/rate-review-treehouse-of-horror-xiv-eabf21.14216/
My Mother the Carjacker|https://nohomers.net/forums/index.php?threads/rate-review-my-mother-the-carjacker-eabf18.14309/
The President Wore Pearls|https://nohomers.net/forums/index.php?threads/rate-review-the-president-wore-pearls-eabf20.14405/
The Regina Monologues|https://nohomers.net/forums/index.php?threads/rate-review-eabf22-the-regina-monologues.14469/
The Fat and the Furriest|https://nohomers.net/forums/index.php?threads/rate-and-review-the-fat-and-the-furriest-eabf19.14545/
Today, I am a Clown|https://nohomers.net/forums/index.php?threads/rate-review-today-i-am-a-clown-fabf01.14607/
'Tis The Fifteenth Season|https://nohomers.net/forums/index.php?threads/rate-review-tis-the-fifteenth-season-fabf02.14693/
Marge vs. Singles, Seniors, Childless Couples and Teens and Gays|https://nohomers.net/forums/index.php?threads/rate-review-marge-vs-singles-seniors-etc-fabf03.14911/
I, D'oh-bot|https://nohomers.net/forums/index.php?threads/rate-review-i-doh-bot-fabf04.14987/
Diatribe of a Mad Housewife|https://nohomers.net/forums/index.php?threads/rate-review-diatribe-of-a-mad-housewife-fabf05.15148/
Margical History Tour|https://nohomers.net/forums/index.php?threads/rate-and-review-margical-history-tour-fabf06.15295/
Milhouse Doesn't Live Here Anymore|https://nohomers.net/forums/index.php?threads/rate-review-milhouse-doesnt-live-here-anymore-fabf07.15365/
Smart and Smarter|https://nohomers.net/forums/index.php?threads/rate-review-smart-and-smarter-fabf09.15429/
The Ziff Who Came to Dinner|https://nohomers.net/forums/index.php?threads/rate-review-the-ziff-who-came-to-dinner-fabf08.15571/
Co-Dependent's Day|https://nohomers.net/forums/index.php?threads/rate-review-co-dependents-day-fabf10.15645/
The Wandering Juvie|https://nohomers.net/forums/index.php?threads/rate-review-the-wandering-juvie-fabf11.15700/
My Big Fat Geek Wedding|https://nohomers.net/forums/index.php?threads/rate-review-my-big-fat-geek-wedding-fabf12.15876/
Catch 'Em If You Can|https://nohomers.net/forums/index.php?threads/rate-review-catch-em-if-you-can-fabf14.15925/
Simple Simpson|https://nohomers.net/forums/index.php?threads/rate-review-simple-simpson-fabf15.15964/
The Way We Weren't|https://nohomers.net/forums/index.php?threads/rate-review-the-way-we-werent-fabf13.16007/
Bart-Mangled Banner|https://nohomers.net/forums/index.php?threads/rate-review-bart-mangled-banner-fabf17.16040/
Fraudcast News|https://nohomers.net/forums/index.php?threads/rate-review-fraudcast-news-fabf18.16083/
Treehouse of Horror XV|https://nohomers.net/forums/index.php?threads/rate-review-treehouse-of-horror-xv-fabf23.17369/
All's Fair in Oven War|https://nohomers.net/forums/index.php?threads/rate-review-alls-fair-in-oven-war-fabf20.17418/
Sleeping With the Enemy|https://nohomers.net/forums/index.php?threads/rate-review-sleeping-with-the-enemy-fabf19.17491/
She Used to Be My Girl|https://nohomers.net/forums/index.php?threads/rate-review-she-used-to-be-my-girl-fabf22.17616/
Fat Man and Little Boy|https://nohomers.net/forums/index.php?threads/rate-review-fat-man-and-little-boy-fabf21.17672/
Midnight Rx|https://nohomers.net/forums/index.php?threads/rate-review-midnight-rx-fabf16.17978/
Mommie Beerest|https://nohomers.net/forums/index.php?threads/rate-review-mommie-beerest-gabf01.18115/
Homer and Ned's Hail Mary Pass|https://nohomers.net/forums/index.php?threads/rate-review-homer-and-neds-hail-mary-pass-gabf02.18186/
Pranksta Rap|https://nohomers.net/forums/index.php?threads/rate-review-pranksta-rap-gabf03.18276/
There's Something About Marrying|https://nohomers.net/forums/index.php?threads/rate-review-theres-something-about-marrying-gabf04.18342/
On a Clear Day I Can't See My Sister|https://nohomers.net/forums/index.php?threads/rate-review-on-a-clear-day-i-cant-see-my-sister-gabf05.18487/
Goo Goo Gai Pan|https://nohomers.net/forums/index.php?threads/rate-review-goo-goo-gai-pan-gabf06.18554/
Mobile Homer|https://nohomers.net/forums/index.php?threads/rate-and-review-mobile-homer-gabf07.18626/
The Seven-Beer Snitch|https://nohomers.net/forums/index.php?threads/rate-review-the-seven-beer-snitch-gabf08.18802/
Future-Drama|https://nohomers.net/forums/index.php?threads/rate-review-future-drama-gabf12.18912/
Don't Fear the Roofer|https://nohomers.net/forums/index.php?threads/rate-and-review-dont-fear-the-roofer-gabf10.19031/
The Heartbroke Kid|https://nohomers.net/forums/index.php?threads/rate-and-review-the-heartbroke-kid-gabf11.19032/
A Star Is Torn|https://nohomers.net/forums/index.php?threads/rate-review-a-star-is-torn-gabf13.19107/
Thank God It's Doomsday|https://nohomers.net/forums/index.php?threads/rate-review-thank-god-its-doomsday-gabf14.19108/
Home Away From Homer|https://nohomers.net/forums/index.php?threads/rate-review-home-away-from-homer-gabf15.19171/
The Father, The Son, and The Holy Guest Star|https://nohomers.net/forums/index.php?threads/rate-review-the-father-son-and-the-holy-guest-star-gabf09.19172/
Bonfire of the Manatees|https://nohomers.net/forums/index.php?threads/rate-review-bonfire-of-the-manatees-gabf18.20775/
The Girl Who Slept Too Little|https://nohomers.net/forums/index.php?threads/rate-review-the-girl-who-slept-too-little-gabf16.20856/
Milhouse of Sand and Fog|https://nohomers.net/forums/index.php?threads/rate-review-milhouse-of-sand-and-fog-gabf19.20938/
Treehouse of Horror XVI|https://nohomers.net/forums/index.php?threads/rate-review-treehouse-of-horror-xvi-gabf17.21369/
Marge's Son Poisoning|https://nohomers.net/forums/index.php?threads/rate-review-marges-son-poisoning-gabf20.21439/
See Homer Run|https://nohomers.net/forums/index.php?threads/rate-review-see-homer-run-gabf21.21499/
The Last Of The Red Hat Mamas|https://nohomers.net/forums/index.php?threads/rate-review-the-last-of-the-red-hat-mamas-gabf22.21560/
The Italian Bob|https://nohomers.net/forums/index.php?threads/rate-review-the-italian-bob-habf02.21673/
Simpsons Christmas Stories|https://nohomers.net/forums/index.php?threads/rate-review-simpsons-christmas-stories-habf01.21739/
Homer's Paternity Coot|https://nohomers.net/forums/index.php?threads/rate-review-homers-paternity-coot-habf03.21942/
We're on the Road to D'ohwhere|https://nohomers.net/forums/index.php?threads/rate-review-were-on-the-road-to-dohwhere-habf04.22156/
My Fair Laddy|https://nohomers.net/forums/index.php?threads/rate-review-my-fair-laddy-habf05.22422/
The Seemingly Neverending Story|https://nohomers.net/forums/index.php?threads/rate-review-the-seemingly-neverending-story-habf06.22536/
Bart Has Two Mommies|https://nohomers.net/forums/index.php?threads/rate-review-bart-has-two-mommies-habf07.22611/
Homer Simpson, This is Your Wife|https://nohomers.net/forums/index.php?threads/rate-review-homer-simpson-this-is-your-wife-habf08.22676/
Million Dollar Abie|https://nohomers.net/forums/index.php?threads/rate-review-million-dollar-abie-habf09.22725/
Kiss Kiss, Bang Bangalore|https://nohomers.net/forums/index.php?threads/rate-review-kiss-kiss-bang-bangalore-habf10.22795/
The Wettest Stories Ever Told|https://nohomers.net/forums/index.php?threads/rate-review-the-wettest-stories-ever-told-habf11.22894/
Girls Just Want to Have Sums|https://nohomers.net/forums/index.php?threads/rate-review-girls-just-want-to-have-sums-habf12.22941/
Regarding Margie|https://nohomers.net/forums/index.php?threads/rate-review-regarding-margie-habf13.22996/
The Monkey Suit|https://nohomers.net/forums/index.php?threads/rate-review-the-monkey-suit-habf14.23038/
Marge and Homer Turn a Couple Play|https://nohomers.net/forums/index.php?threads/rate-review-marge-and-homer-turn-a-couple-play-habf16.23077/
The Mook, The Chef, The Wife And Her Homer|https://nohomers.net/forums/index.php?threads/rate-and-review-the-mook-the-chef-the-wife-and-her-homer-habf15.23796/
Jazzy and the Pussycats|https://nohomers.net/forums/index.php?threads/rate-review-jazzy-and-the-pussycats-habf18.23832/
Please Homer Don't Hammer 'Em|https://nohomers.net/forums/index.php?threads/rate-review-please-homer-dont-hammer-em-habf20.23861/
Treehouse of Horror XVII|https://nohomers.net/forums/index.php?threads/rate-review-treehouse-of-horror-xvii.24163/
G. I. (Annoyed Grunt)|https://nohomers.net/forums/index.php?threads/rate-review-g-i-annoyed-grunt-habf21.24202/
Moe'N'a Lisa|https://nohomers.net/forums/index.php?threads/rate-review-moe-n-a-lisa.24253/
Ice Cream of Margie (With the Light Blue Hair)|https://nohomers.net/forums/index.php?threads/rate-review-ice-cream-of-margie-with-the-light-blue-hair.24291/
The Haw-Hawed Couple|https://nohomers.net/forums/index.php?threads/rate-review-the-haw-hawed-couple-jabf02.24383/
Kill Gil (Volumes 1 & 2)|https://nohomers.net/forums/index.php?threads/rate-review-kill-gil-volumes-1-2.24413/
The Wife Aquatic|https://nohomers.net/forums/index.php?threads/rate-review-the-wife-aquatic.24501/
Revenge is a Dish Best Served 3 Times|https://nohomers.net/forums/index.php?threads/rate-review-revenge-is-a-dish-best-served-three-times-jabf05.24612/
Little Big Girl|https://nohomers.net/forums/index.php?threads/rate-review-little-big-girl-jabf04.24679/
Springfield Up|https://nohomers.net/forums/index.php?threads/rate-review-springfield-up-jabf07.24709/
Yokel Chords|https://nohomers.net/forums/index.php?threads/rate-review-yokel-chords-jabf09.24787/
Rome-old and Juli-eh|https://nohomers.net/forums/index.php?threads/rate-review-rome-old-and-juli-eh-jabf08.24839/
Homerazzi|https://nohomers.net/forums/index.php?threads/rate-review-homerazzi-jabf06.24924/
Marge Gamer|https://nohomers.net/forums/index.php?threads/rate-review-marge-gamer-jabf10.25076/
The Boys of Bummer|https://nohomers.net/forums/index.php?threads/rate-review-the-boys-of-bummer-jabf11.25117/
Crook and Ladder|https://nohomers.net/forums/index.php?threads/rate-review-crook-and-ladder-jabf13.25164/
Stop Or My Dog Will Shoot|https://nohomers.net/forums/index.php?threads/rate-review-stop-or-my-dog-will-shoot.25222/
24 Minutes|https://nohomers.net/forums/index.php?threads/rate-review-24-minutes-jabf14.25277/
You Kent Always Say What You Want|https://nohomers.net/forums/index.php?threads/rate-review-you-kent-always-say-what-you-want-jabf15.25278/
He Loves To Fly and He D'ohs|https://nohomers.net/forums/index.php?threads/r-r-he-loves-to-fly-and-he-dohs-jabf20.26608/
Homer of Seville|https://nohomers.net/forums/index.php?threads/rate-review-homer-of-seville-jabf18.26696/
Midnight Towboy|https://nohomers.net/forums/index.php?threads/rate-review-midnight-towboy-jabf21.26744/
I Don't Wanna Know Why the Caged Bird Sings|https://nohomers.net/forums/index.php?threads/rate-review-i-dont-wanna-know-why-the-caged-bird-sings-jabf19.26788/
Treehouse of Horror XVIII|https://nohomers.net/forums/index.php?threads/rate-review-treehouse-of-horror-xviii-jabf16.26993/
Little Orphan Millie|https://nohomers.net/forums/index.php?threads/rate-and-review-little-orphan-millie-jabf22.27068/
Husbands and Knives|https://nohomers.net/forums/index.php?threads/rate-and-review-husbands-and-knives-jabf17.27124/
Funeral for a Fiend|https://nohomers.net/forums/index.php?threads/rate-and-review-funeral-for-a-fiend-kabf01.27171/
Eternal Moonshine of the Simpson Mind|https://nohomers.net/forums/index.php?threads/rate-review-eternal-moonshine-of-the-simpson-mind-kabf02.27335/
E. Pluribus Wiggum|https://nohomers.net/forums/index.php?threads/rate-review-e-pluribus-wiggum-kabf03.27513/
That 90's Show|https://nohomers.net/forums/index.php?threads/rate-and-review-that-90s-show.27635/
Love, Springfieldian Style|https://nohomers.net/forums/index.php?threads/rate-review-love-springfieldian-style-kabf05.27769/
The Debarted|https://nohomers.net/forums/index.php?threads/rate-and-review-the-debarted-kabf06.27895/
Dial 'N' for Nerder|https://nohomers.net/forums/index.php?threads/rate-review-dial-n-for-nerder-kabf07.27948/
Smoke on the Daughter|https://nohomers.net/forums/index.php?threads/rate-review-smoke-on-the-daughter-kabf08.28132/
Papa Don't Leech|https://nohomers.net/forums/index.php?threads/rate-review-papa-dont-leech-kabf09.28248/
Apocalypse Cow|https://nohomers.net/forums/index.php?threads/rate-review-apocalypse-cow-kabf10.28340/
Any Given Sundance|https://nohomers.net/forums/index.php?threads/rate-review-any-given-sundance-kabf11.28382/
Mona Leaves-a|https://nohomers.net/forums/index.php?threads/rate-review-mona-leaves-a-kabf12.28431/
All About Lisa|https://nohomers.net/forums/index.php?threads/rate-and-review-all-about-lisa-kabf13.28472/
Sex, Pies, and Idiot Scrapes|https://nohomers.net/forums/index.php?threads/rate-review-sex-pies-and-idiot-scrapes-kabf17.29394/
Lost Verizon|https://nohomers.net/forums/index.php?threads/rate-review-lost-verizon-kabf15.29487/
Double, Double, Boy in Trouble|https://nohomers.net/forums/index.php?threads/rate-review-double-double-boy-in-trouble-kabf14.29623/
Treehouse of Horror XIX|https://nohomers.net/forums/index.php?threads/rate-review-treehouse-of-horror-xix-kabf16.29826/
Dangerous Curves|https://nohomers.net/forums/index.php?threads/rate-review-dangerous-curves-kabf18.29954/
Homer and Lisa Exchange Cross Words|https://nohomers.net/forums/index.php?threads/rate-review-homer-and-lisa-exchange-cross-words-kabf19.30051/
Mypods and Boomsticks|https://nohomers.net/forums/index.php?threads/rate-review-mypods-and-boomsticks-kabf20.30285/
The Burns and the Bees|https://nohomers.net/forums/index.php?threads/rate-review-the-burns-and-the-bees-kabf21.30408/
Lisa the Drama Queen|https://nohomers.net/forums/index.php?threads/rate-review-%E2%80%9Clisa-the-drama-queen-kabf22-%E2%80%9D.30948/
Take My Life, Please|https://nohomers.net/forums/index.php?threads/rate-review-take-my-life-please-labf01.31160/
How The Test Was Won|https://nohomers.net/forums/index.php?threads/rate-review-how-the-test-was-won-labf02.31283/
No Loan Again, Naturally|https://nohomers.net/forums/index.php?threads/rate-review-no-loan-again-naturally-labf03.31401/
Gone Maggie Gone|https://nohomers.net/forums/index.php?threads/r-r-gone-maggie-gone-labf04.31500/
In the Name of the Grandfather|https://nohomers.net/forums/index.php?threads/r-r-in-the-name-of-the-grandfather-labf11.31534/
Wedding for Disaster|https://nohomers.net/forums/index.php?threads/r-r-wedding-for-disaster-labf05.31731/
Eeny Teeny Maya Moe|https://nohomers.net/forums/index.php?threads/rate-review-eeny-teeny-maya-moe-labf06.31805/
The Good, the Sad and the Drugly|https://nohomers.net/forums/index.php?threads/rate-review-the-good-the-sad-and-the-drugly-labf07.31930/
Father Knows Worst|https://nohomers.net/forums/index.php?threads/rate-review-father-knows-worst-labf08.31998/
Waverly Hills 9-0-2-1-D'oh|https://nohomers.net/forums/index.php?threads/rate-review-waverly-hills-9-0-2-1-d%E2%80%99oh-labf10.32078/
Four Great Women and a Manicure|https://nohomers.net/forums/index.php?threads/rate-review-four-great-women-and-a-manicure-labf09.32141/
Coming to Homerica|https://nohomers.net/forums/index.php?threads/rate-review-%E2%80%9Ccoming-to-homerica%E2%80%9D-labf12.32216/
Homer the Whopper|https://nohomers.net/forums/index.php?threads/rate-review-homer-the-whopper-labf13.33855/
"Bart Gets A ""Z"""|https://nohomers.net/forums/index.php?threads/rate-review-bart-gets-a-z-labf15-now-with-68-more-facebook-hate.33929/
The Great Wife Hope|https://nohomers.net/forums/index.php?threads/rate-review-the-great-wife-hope-labf16.33980/
Treehouse of Horror XX|https://nohomers.net/forums/index.php?threads/r-r-thoh-xx.34053/
The Devil Wears Nada|https://nohomers.net/forums/index.php?threads/r-r-the-devil-wears-nada.34296/
Pranks and Greens|https://nohomers.net/forums/index.php?threads/r-r-pranks-and-greens.34351/
Rednecks and Broomsticks|https://nohomers.net/forums/index.php?threads/rate-review-rednecks-and-broomsticks-labf19-now-with-polls.34404/
O Brother, Where Bart Thou?|https://nohomers.net/forums/index.php?threads/rate-and-review-o-brother-where-bart-thou-mabf01.34517/
Thursdays with Abie|https://nohomers.net/forums/index.php?threads/rate-review-mabf02-thursdays-with-abie.34719/
Once Upon a Time in Springfield|https://nohomers.net/forums/index.php?threads/rate-and-review-labf20-once-upon-a-time-in-springfield.34774/
Million Dollar Maybe|https://nohomers.net/forums/index.php?threads/r-r-million-dollar-maybe.34963/
Boy Meets Curl|https://nohomers.net/forums/index.php?threads/r-r-boy-meets-curl.35100/
The Color Yellow|https://nohomers.net/forums/index.php?threads/r-r-the-color-yellow.35159/
Postcards from the Wedge|https://nohomers.net/forums/index.php?threads/rate-and-review-postcards-from-the-wedge-mabf04.35324/
Stealing First Base|https://nohomers.net/forums/index.php?threads/rate-review-stealing-first-base-mabf07.35369/
The Greatest Story Ever D'ohed|https://nohomers.net/forums/index.php?threads/rate-and-review-the-greatest-story-ever-dohed-mabf10.35421/
American History X-Cellent|https://nohomers.net/forums/index.php?threads/rate-and-review-american-history-x-cellent.35514/
Chief of Hearts|https://nohomers.net/forums/index.php?threads/rate-review-chief-of-hearts-mabf09.35559/
The Squirt and the Whale|https://nohomers.net/forums/index.php?threads/rate-and-review-the-squirt-and-the-whale-mabf14.35609/
To Surveil with Love|https://nohomers.net/forums/index.php?threads/rate-and-review-to-surveil-with-love-mabf12.35656/
Moe Letter Blues|https://nohomers.net/forums/index.php?threads/rate-review-mabf13-moe-letter-blues.35735/
The Bob Next Door|https://nohomers.net/forums/index.php?threads/r-r-the-bob-next-door.35810/
Judge Me Tender|https://nohomers.net/forums/index.php?threads/r-r-mabf15-judge-me-tender.35860/
Elementary School Musical|https://nohomers.net/forums/index.php?threads/rate-and-review-elementary-school-musical-mabf21.36588/
Loan-a Lisa|https://nohomers.net/forums/index.php?threads/r-r-loan-a-lisa.36612/
MoneyBART|https://nohomers.net/forums/index.php?threads/r-r-moneybart.36635/
Treehouse of Horror XXI|https://nohomers.net/forums/index.php?threads/rate-and-review-treehouse-of-horror-xxi.36708/
Lisa Simpson, This Isn't Your Life|https://nohomers.net/forums/index.php?threads/rate-and-review-lisa-simpson-this-isnt-your-life-mabf20.36726/
The Fool Monty|https://nohomers.net/forums/index.php?threads/rate-and-review-the-fool-monty-nabf01.36735/
How Munched Is That Birdie in the Window?|https://nohomers.net/forums/index.php?threads/rate-and-review-how-munched-is-that-birdie-in-the-window-nabf02.36752/
The Fight Before Christmas|https://nohomers.net/forums/index.php?threads/rate-and-review-the-fight-before-christmas-mabf22.36764/
Donnie Fatso|https://nohomers.net/forums/index.php?threads/rate-and-review-donnie-fatso-mabf19.36779/
Moms I'd Like to Forget|https://nohomers.net/forums/index.php?threads/rate-and-review-moms-id-like-to-forget-nabf03.36830/
Flaming Moe|https://nohomers.net/forums/index.php?threads/rate-and-review-flaming-moe-nabf04.36842/
Homer the Father|https://nohomers.net/forums/index.php?threads/rate-and-review-homer-the-father-nabf05.36852/
The Blue and the Gray|https://nohomers.net/forums/index.php?threads/rate-and-review-the-blue-and-the-gray-nabf06.36883/
Angry Dad: The Movie|https://nohomers.net/forums/index.php?threads/rate-and-review-angry-dad-the-movie-nabf07.36893/
The Scorpion's Tale|https://nohomers.net/forums/index.php?threads/rate-and-review-the-scorpions-tale-nabf08.36920/
A Midsummer's Nice Dream|https://nohomers.net/forums/index.php?threads/rate-and-review-a-midsummers-nice-dream-nabf09.36931/
Love Is a Many Strangled Thing|https://nohomers.net/forums/index.php?threads/rate-and-review-love-is-a-many-strangled-thing-nabf10.36953/
The Great Simpsina|https://nohomers.net/forums/index.php?threads/rate-and-review-the-great-simpsina-nabf11.36974/
The Real Housewives of Fat Tony|https://nohomers.net/forums/index.php?threads/rate-and-review-the-real-housewives-of-fat-tony-nabf12.36988/
Homer Scissorhands|https://nohomers.net/forums/index.php?threads/rate-and-review-homer-scissorhands-nabf13.36999/
500 Keys|https://nohomers.net/forums/index.php?threads/rate-and-review-500-keys-nabf14.37004/
The Ned-liest Catch|https://nohomers.net/forums/index.php?threads/rate-and-review-the-nedliest-catch-nabf15.37010/
The Falcon and the D'ohman|https://nohomers.net/forums/index.php?threads/rate-and-review-the-falcon-and-the-dohman-nabf16.37222/
Bart Stops to Smell the Roosevelts|https://nohomers.net/forums/index.php?threads/rate-and-review-bart-stops-to-smell-the-roosevelts-nabf17.37243/
Treehouse of Horror XXII|https://nohomers.net/forums/index.php?threads/rate-and-review-treehouse-of-horror-xxii-nabf19.37319/
Replaceable You|https://nohomers.net/forums/index.php?threads/rate-and-review-replaceable-you-nabf21.37341/
The Food Wife|https://nohomers.net/forums/index.php?threads/rate-and-review-the-food-wife-nabf20.37320/
The Book Job|https://nohomers.net/forums/index.php?threads/rate-and-review-the-book-job-nabf22.37368/
The Man in the Blue Flannel Pants|https://nohomers.net/forums/index.php?threads/rate-and-review-%E2%80%9Cthe-man-in-the-blue-flannel-pants%E2%80%9D-pabf01.37386/
The Ten-Per-Cent Solution|https://nohomers.net/forums/index.php?threads/rate-and-review-the-ten-per-cent-solution-pabf02.37403/
Holidays of Future Passed|https://nohomers.net/forums/index.php?threads/rate-and-review-holidays-of-future-passed-nabf18.37423/
Politically Inept, with Homer Simpson|https://nohomers.net/forums/index.php?threads/rate-and-review-%E2%80%9Cpolitically-inept-with-homer-simpson%E2%80%9D-pabf03.37485/
The D'oh-cial Network|https://nohomers.net/forums/index.php?threads/rate-and-review-the-doh-cial-network-pabf04.37506/
Moe Goes From Rags to Riches|https://nohomers.net/forums/index.php?threads/rate-and-review-moe-goes-from-rags-to-riches-pabf05.37550/
The Daughter Also Rises|https://nohomers.net/forums/index.php?threads/the-daughter-also-rises-rate-review.37586/
At Long Last Leave|https://nohomers.net/forums/index.php?threads/rate-and-review-500th-episode-at-long-last-leave-pabf07.37621/
Exit Through the Kwik-E-Mart|https://nohomers.net/forums/index.php?threads/rate-and-review-exit-through-the-kwik-e-mart-pabf09.37687/
How I Wet Your Mother|https://nohomers.net/forums/index.php?threads/rate-and-review-how-i-wet-your-mother-pabf08.37706/
Them, Robot|https://nohomers.net/forums/index.php?threads/rate-and-review-%E2%80%9Cthem-robot%E2%80%9D-pabf10.37717/
Beware My Cheating Bart|https://nohomers.net/forums/index.php?threads/rate-and-review-beware-my-cheating-bart-pabf11.37785/
A Totally Fun Thing That Bart Will Never Do Again|https://nohomers.net/forums/index.php?threads/rate-and-review-a-totally-fun-thing-that-bart-will-never-do-again-pabf12.37810/
The Spy Who Learned Me|https://nohomers.net/forums/index.php?threads/rate-and-review-the-spy-who-learned-me-pabf13.37837/
Ned 'N' Edna's Blend|https://nohomers.net/forums/index.php?threads/rate-and-review-ned-n-ednas-blend-pabf15.37842/
Lisa Goes Gaga|https://nohomers.net/forums/index.php?threads/rate-and-review-lisa-goes-gaga-pabf14.37848/
Moonshine River|https://nohomers.net/forums/index.php?threads/rate-and-review-moonshine-river-pabf21.38177/
Treehouse of Horror XXIII|https://nohomers.net/forums/index.php?threads/rate-and-review-treehouse-of-horror-xxiii-pabf17.38192/
Adventures in Baby-Getting|https://nohomers.net/forums/index.php?threads/rate-and-review-adventures-in-baby-getting-pabf18.38243/
Gone Abie Gone|https://nohomers.net/forums/index.php?threads/rate-and-review-gone-abie-gone-pabf16.38267/
Penny-Wiseguys|https://nohomers.net/forums/index.php?threads/rate-review-penny-wiseguys.38277/
A Tree Grows in Springfield|https://nohomers.net/forums/index.php?threads/rate-and-review-a-tree-grows-in-springfield-pabf22.38295/
The Day the Earth Stood Cool|https://nohomers.net/forums/index.php?threads/rate-and-review-the-day-the-earth-stood-cool-pabf20.38335/
To Cur with Love|https://nohomers.net/forums/index.php?threads/rate-and-review-to-cur-with-love-rabf01.38359/
Homer Goes to Prep School|https://nohomers.net/forums/index.php?threads/rate-and-review-homer-goes-to-prep-school-rabf02.38399/
A Test Before Trying|https://nohomers.net/forums/index.php?threads/rate-and-review-a-test-before-trying-rabf03.38434/
The Changing of the Guardian|https://nohomers.net/forums/index.php?threads/rate-and-review-the-changing-of-the-guardian-rabf04.38484/
Love is a Many-Splintered Thing|https://nohomers.net/forums/index.php?threads/rate-and-review-love-is-a-many-splintered-thing-rabf07.38522/
Hardly Kirk-ing|https://nohomers.net/forums/index.php?threads/rate-and-review-hardly-kirk-ing-rabf05.38545/
Gorgeous Grampa|https://nohomers.net/forums/index.php?threads/rate-and-review-gorgeous-grampa-rabf06.38584/
Black-Eyed, Please|https://nohomers.net/forums/index.php?threads/rate-and-review-black-eyed-please-rabf09.38609/
Dark Knight Court|https://nohomers.net/forums/index.php?threads/rate-and-review-dark-knight-court-rabf10.38636/
What Animated Women Want|https://nohomers.net/forums/index.php?threads/rate-review-what-animated-women-want-rabf08.38731/
Pulpit Friction|https://nohomers.net/forums/index.php?threads/rate-and-review-pulpit-friction-rabf11.38778/
Whiskey Business|https://nohomers.net/forums/index.php?threads/rate-review-whiskey-business-rabf13.38797/
The Fabulous Faker Boy|https://nohomers.net/forums/index.php?threads/rate-review-the-fabulous-faker-boy-rabf12.38830/
The Saga of Carl|https://nohomers.net/forums/index.php?threads/r-r-the-saga-of-carl-rabf14.38852/
Dangers on a Train|https://nohomers.net/forums/index.php?threads/rate-and-review-dangers-on-a-train-rabf17.38851/
Homerland|https://nohomers.net/forums/index.php?threads/rate-and-review-homerland-rabf20.39273/
Treehouse of Horror XXIV|https://nohomers.net/forums/index.php?threads/rate-and-review-treehouse-of-horror-xxiv-rabf16.39307/
Four Regrettings and a Funeral|https://nohomers.net/forums/index.php?threads/r-r-four-regrettings-and-a-funeral.39411/
YOLO|https://nohomers.net/forums/index.php?threads/r-r-yolo.39426/
Labor Pains|https://nohomers.net/forums/index.php?threads/rate-and-review-labor-pains-rabf19.39446/
The Kid is All Right|https://nohomers.net/forums/index.php?threads/rate-and-review-the-kid-is-all-right-sabf02.39466/
Yellow Subterfuge|https://nohomers.net/forums/index.php?threads/rate-and-review-yellow-subterfuge-sabf04.39516/
White Christmas Blues|https://nohomers.net/forums/index.php?threads/rate-and-review-white-christmas-blues-sabf01.39542/
Steal This Episode|https://nohomers.net/forums/index.php?threads/rate-and-review-steal-this-episode-sabf05.39628/
Married to the Blob|https://nohomers.net/forums/index.php?threads/rate-and-review-married-to-the-blob-sabf03.39662/
Specs and the City|https://nohomers.net/forums/index.php?threads/rate-and-review-specs-and-the-city-sabf06.39709/
Diggs|https://nohomers.net/forums/index.php?threads/r-r-diggs.39851/
The Man Who Grew Too Much|https://nohomers.net/forums/index.php?threads/r-r-the-man-who-grew-too-much.39852/
The Winter of His Content|https://nohomers.net/forums/index.php?threads/r-r-the-winter-of-his-content-sabf09.39878/
The War of Art|https://nohomers.net/forums/index.php?threads/r-r-the-war-of-art-sabf10.39907/
You Don't Have to Live Like a Referee|https://nohomers.net/forums/index.php?threads/rate-review-you-dont-have-to-live-like-a-referee-sabf11.39960/
Luca$|https://nohomers.net/forums/index.php?threads/rate-review-luca-sabf12.40006/
Days of Future Future|https://nohomers.net/forums/index.php?threads/r-r-days-of-future-future.40051/
What To Expect When Bart's Expecting|https://nohomers.net/forums/index.php?threads/rate-review-what-to-expect-when-barts-expecting.40093/
Brick Like Me|https://nohomers.net/forums/index.php?threads/rate-and-review-brick-like-me-rabf21.40122/
Pay Pal|https://nohomers.net/forums/index.php?threads/rate-and-review-pay-pal-sabf15.40135/
The Yellow Badge of Cowardge|https://nohomers.net/forums/index.php?threads/r-r-the-yellow-badge-of-cowardge.40151/
Clown in the Dumps|https://nohomers.net/forums/index.php?threads/rate-and-review-clown-in-the-dumps-sabf20.40512/
The Wreck of the Relationship|https://nohomers.net/forums/index.php?threads/rate-and-review-the-wreck-of-the-relationship-sabf17.40538/
Super Franchise Me|https://nohomers.net/forums/index.php?threads/rate-and-review-super-franchise-me.40572/
Treehouse of Horror XXV|https://nohomers.net/forums/index.php?threads/rate-review-treehouse-of-horror-xxv.40617/
Opposites A-Frack|https://nohomers.net/forums/index.php?threads/rate-review-opposites-a-frack.40686/
Simpsorama|https://nohomers.net/forums/index.php?threads/rate-review-simpsorama.40713/
Blazed and Confused|https://nohomers.net/forums/index.php?threads/rate-and-review-blazed-and-confused-tabf01.40746/
Covercraft|https://nohomers.net/forums/index.php?threads/rate-review-covercraft.40767/
I Won't Be Home For Christmas|https://nohomers.net/forums/index.php?threads/rate-review-i-wont-be-home-for-christmas-tabf03.40812/
The Man Who Came To Be Dinner|https://nohomers.net/forums/index.php?threads/r-r-the-man-who-came-to-be-dinner-rabf15.40910/
Bart's New Friend|https://nohomers.net/forums/index.php?threads/r-r-barts-new-friend-tabf05.40934/
The Musk Who Fell To Earth|https://nohomers.net/forums/index.php?threads/r-r-the-musk-who-fell-to-earth-tabf04.40962/
Walking Big and Tall|https://nohomers.net/forums/index.php?threads/r-r-walking-big-and-tall-tabf06.41018/
My Fare Lady|https://nohomers.net/forums/index.php?threads/r-r-my-fare-lady-tabf07.41042/
The Princess Guide|https://nohomers.net/forums/index.php?threads/r-r-the-princess-guide-tabf08.41086/
Sky Police|https://nohomers.net/forums/index.php?threads/r-r-sky-police-tabf09.41120/
Waiting for Duffman|https://nohomers.net/forums/index.php?threads/r-r-waiting-for-duffman-tabf10.41147/
Peeping Mom|https://nohomers.net/forums/index.php?threads/r-r-peeping-mom-tabf11.41242/
The Kids Are All Fight|https://nohomers.net/forums/index.php?threads/r-r-the-kids-are-all-fight-tabf12.41270/
Let's Go Fly a Coot|https://nohomers.net/forums/index.php?threads/r-r-lets-go-fly-a-coot-tabf13.41284/
Bull*E|https://nohomers.net/forums/index.php?threads/r-r-bull-e-tabf15.41312/
Mathlete's Feat|https://nohomers.net/forums/index.php?threads/r-r-mathletes-feat-tabf16.41347/
Every Man's Dream|https://nohomers.net/forums/index.php?threads/rate-review-every-mans-dream.41693/
Cue Detective|https://nohomers.net/forums/index.php?threads/rate-review-cue-detective.41707/
Puffless|https://nohomers.net/forums/index.php?threads/rate-review-puffless.41714/
Halloween of Horror|https://nohomers.net/forums/index.php?threads/rate-review-halloween-of-horror.41726/
Treehouse of Horror XXVI|https://nohomers.net/forums/index.php?threads/r-r-treehouse-of-horror-xxvi-tabf18.41736/
Friend with Benefit|https://nohomers.net/forums/index.php?threads/r-r-friend-with-benefit-tabf21.41773/
"Lisa with an ""S"""|https://nohomers.net/forums/index.php?threads/rate-review-lisa-with-an-s-tabf20.41811/
'Paths of Glory|https://nohomers.net/forums/index.php?threads/r-r-paths-of-glory-vabf01.41862/
Barthood|https://nohomers.net/forums/index.php?threads/r-r-barthood-vabf02.41874/
The Girl Code|https://nohomers.net/forums/index.php?threads/r-r-the-girl-code-vabf03.41904/
Teenage Mutant Milk-Caused Hurdles|https://nohomers.net/forums/index.php?threads/r-r-teenage-mutant-milk-caused-hurdles-vabf04.41925/
Much Apu About Something|https://nohomers.net/forums/index.php?threads/r-r-much-apu-about-something-vabf05.41934/
Love Is in the N2-O2-Ar-CO2-Ne-He-CH4|https://nohomers.net/forums/index.php?threads/rate-and-review-love-is-in-the-n2-o2-ar-co2-ne-he-ch4-vabf07.41991/
Gal of Constant Sorrow|https://nohomers.net/forums/index.php?threads/r-r-%E2%80%9Cgal-of-constant-sorrow%E2%80%9D-vabf06.42005/
Lisa the Veterinarian|https://nohomers.net/forums/index.php?threads/r-r-lisa-the-veterinarian-vabf08.42025/
The Marge-ian Chronicles|https://nohomers.net/forums/index.php?threads/r-r-%E2%80%9Cthe-marge-ian-chronicles%E2%80%9D-vabf09.42046/
The Burns Cage|https://nohomers.net/forums/index.php?threads/rate-and-review-the-burns-cage.42079/
How Lisa Got Her Marge Back|https://nohomers.net/forums/index.php?threads/r-r-how-lisa-got-her-marge-back-vabf11.42104/
Fland Canyon|https://nohomers.net/forums/index.php?threads/r-r-fland-canyon-vabf12.42142/
To Courier With Love|https://nohomers.net/forums/index.php?threads/r-r-to-courier-with-love-vabf14.42162/
Simprovised|https://nohomers.net/forums/index.php?threads/r-r-%E2%80%9Csimprovised%E2%80%9D-vabf13.42171/
Orange is The New Yellow|https://nohomers.net/forums/index.php?threads/r-r-orange-is-the-new-yellow.42183/
Monty Burns' Fleeing Circus|https://nohomers.net/forums/index.php?threads/r-r-monty-burns-fleeing-circus-vabf20.42346/
Friends and Family|https://nohomers.net/forums/index.php?threads/r-r-%E2%80%9Cfriends-and-family%E2%80%99%E2%80%9D-vabf18.42354/
The Town|https://nohomers.net/forums/index.php?threads/rate-review-the-town-vabf17.42365/
Treehouse of Horror XXVII|https://nohomers.net/forums/index.php?threads/rate-review-treehouse-of-horror-xxvii-vabf16.42368/
Trust but Clarify|https://nohomers.net/forums/index.php?threads/rate-review-trust-but-clarify-vabf21.42375/
There Will Be Buds|https://nohomers.net/forums/index.php?threads/rate-review-there-will-be-buds-vabf22.42387/
Havana Wild Weekend|https://nohomers.net/forums/index.php?threads/rate-review-havana-wild-weekend-vabf19.42391/
Dad Behavior|https://nohomers.net/forums/index.php?threads/r-r-dad-behavior-wabf01.42400/
The Last Traction Hero|https://nohomers.net/forums/index.php?threads/r-r-last-traction-hero-wabf03.42406/
The Nightmare After Krustmas|https://nohomers.net/forums/index.php?threads/rate-review-the-nightmare-after-krustmas-wabf02.42416/
Pork and Burns|https://nohomers.net/forums/index.php?threads/r-r-pork-and-burns-wabf06.42459/
The Great Phatsby|https://nohomers.net/forums/index.php?threads/r-r-the-great-phatsby-wabf04-wabf05.42472/
Fatzcarraldo|https://nohomers.net/forums/index.php?threads/rate-review-fatzcarraldo-wabf07.42508/
The Cad and the Hat|https://nohomers.net/forums/index.php?threads/rate-review-the-cad-and-the-hat-wabf08.42513/
Kamp Krustier|https://nohomers.net/forums/index.php?threads/rate-review-kamp-krustier-wabf09.42521/
22 For 30|https://nohomers.net/forums/index.php?threads/rate-review-22-for-30-wabf10.42533/
A Father's Watch|https://nohomers.net/forums/index.php?threads/rate-review-a-fathers-watch-wabf11.42534/
The Caper Chase|https://nohomers.net/forums/index.php?threads/rate-review-the-caper-chase-wabf12.42544/
Looking for Mr. Goodbart|https://nohomers.net/forums/index.php?threads/rate-review-looking-for-mr-goodbart-wabf13.42572/
Moho House|https://nohomers.net/forums/index.php?threads/rate-review-moho-house-wabf14.42576/
Dogtown|https://nohomers.net/forums/index.php?threads/rate-review-dogtown-wabf15.42585/
The Serfsons|https://nohomers.net/forums/index.php?threads/rate-review-the-serfsons-wabf17.42725/
Springfield Splendor|https://nohomers.net/forums/index.php?threads/rate-review-springfield-splendor-wabf22.42733/
Whistler's Father|https://nohomers.net/forums/index.php?threads/rate-review-whistlers-father-wabf16.42755/
Treehouse of Horror XXVIII|https://nohomers.net/forums/index.php?threads/rate-review-treehouse-of-horror-xxviii-wabf18.42777/
Grampy Can Ya Hear Me|https://nohomers.net/forums/index.php?threads/rate-review-grampy-can-ya-hear-me-wabf19.42804/
The Old Blue Mayor She Ain't What She Used to Be|https://nohomers.net/forums/index.php?threads/rate-review-the-old-blue-mayor-she-aint-what-she-used-to-be-wabf20.42813/
Singin' in the Lane|https://nohomers.net/forums/index.php?threads/rate-review-singin-in-the-lane-wabf21.42818/
Mr. Lisa's Opus|https://nohomers.net/forums/index.php?threads/rate-review-mr-lisas-opus-xabf01.42822/
Gone Boy|https://nohomers.net/forums/index.php?threads/rate-review-gone-boy-xabf02.42836/
Haw-Haw Land|https://nohomers.net/forums/index.php?threads/rate-review-haw-haw-land-xabf03.42871/
Frink Gets Testy|https://nohomers.net/forums/index.php?threads/rate-review-frink-gets-testy-xabf04.42881/
Homer Is Where the Art Isn't|https://nohomers.net/forums/index.php?threads/rate-review-homer-is-where-the-art-isnt-xabf05.42998/
3 Scenes Plus a Tag from a Marriage|https://nohomers.net/forums/index.php?threads/rate-review-3-scenes-plus-a-tag-from-a-marriage-xabf06.43012/
Fears of a Clown|https://nohomers.net/forums/index.php?threads/rate-review-fears-of-a-clown-xabf08.43023/
No Good Read Goes Unpunished|https://nohomers.net/forums/index.php?threads/rate-review-no-good-read-goes-unpunished-xabf07.43032/
King Leer|https://nohomers.net/forums/index.php?threads/rate-review-king-leer-xabf10.43041/
Lisa Gets the Blues|https://nohomers.net/forums/index.php?threads/rate-review-lisa-gets-the-blues-xabf11.43051/
Forgive and Regret|https://nohomers.net/forums/index.php?threads/rate-review-forgive-and-regret-xabf09.43057/
Left Behind|https://nohomers.net/forums/index.php?threads/rate-review-left-behind-xabf12.43064/
Throw Grampa from the Dane|https://nohomers.net/forums/index.php?threads/rate-review-throw-grampa-from-the-dane-xabf13.43069/
Flanders' Ladder|https://nohomers.net/forums/index.php?threads/rate-review-flanders-ladder-xabf14.43082/
Bart's Not Dead|https://nohomers.net/forums/index.php?threads/rate-review-barts-not-dead-xabf19.43264/
Heartbreak Hotel|https://nohomers.net/forums/index.php?threads/rate-review-heartbreak-hotel-xabf15.43276/
My Way or the Highway to Heaven|https://nohomers.net/forums/index.php?threads/rate-review-my-way-or-the-highway-to-heaven-xabf17.43288/
Treehouse of Horror XXIX|https://nohomers.net/forums/index.php?threads/rate-review-treehouse-of-horror-xxix-xabf16.43303/
Baby You Can't Drive My Car|https://nohomers.net/forums/index.php?threads/rate-review-baby-you-cant-drive-my-car-xabf18.43331/
From Russia Without Love|https://nohomers.net/forums/index.php?threads/rate-review-from-russia-without-love-xabf20.43338/
Werking Mom|https://nohomers.net/forums/index.php?threads/rate-review-werking-mom-xabf21.43347/
Krusty the Clown|https://nohomers.net/forums/index.php?threads/rate-review-krusty-the-clown-xabf22.43356/
Daddicus Finch|https://nohomers.net/forums/index.php?threads/rate-review-daddicus-finch-yabf01.43365/
'Tis the 30th Season|https://nohomers.net/forums/index.php?threads/rate-review-tis-the-30th-season-yabf02.43375/
Mad About the Toy|https://nohomers.net/forums/index.php?threads/rate-review-mad-about-the-toy-yabf03.43401/
The Girl on the Bus|https://nohomers.net/forums/index.php?threads/rate-review-the-girl-on-the-bus-yabf04.43410/
I'm Dancing as Fat as I Can|https://nohomers.net/forums/index.php?threads/rate-review-im-dancing-as-fat-as-i-can-yabf06.43463/
The Clown Stays in the Picture|https://nohomers.net/forums/index.php?threads/rate-review-the-clown-stays-in-the-picture-yabf05.43475/
101 Mitigations|https://nohomers.net/forums/index.php?threads/rate-review-101-mitigations-yabf07.43491/
I Want You (She's So Heavy)|https://nohomers.net/forums/index.php?threads/rate-review-i-want-you-shes-so-heavy-yabf08.43499/
E My Sports|https://nohomers.net/forums/index.php?threads/rate-review-e-my-sports-yabf09.43509/
Bart vs. Itchy & Scratchy|https://nohomers.net/forums/index.php?threads/rate-review-bart-vs-itchy-scratchy-yabf10.43518/
Girl's in the Band|https://nohomers.net/forums/index.php?threads/rate-review-girls-in-the-band-yabf11.43521/
I'm Just a Girl Who Can't Say D'oh|https://nohomers.net/forums/index.php?threads/rate-review-im-just-a-girl-who-cant-say-doh-yabf12.43522/
D'oh Canada|https://nohomers.net/forums/index.php?threads/rate-review-doh-canada-yabf14.43538/
Woo-hoo Dunnit?|https://nohomers.net/forums/index.php?threads/rate-review-woo-hoo-dunnit-yabf15.43540/
Crystal Blue-Haired Persuasion|https://nohomers.net/forums/index.php?threads/rate-review-crystal-blue-haired-persuasion-yabf16.43544/
The Winter of Our Monetized Content|https://nohomers.net/forums/index.php?threads/rate-review-the-winter-of-our-monetized-content-yabf19.43719/
Go Big or Go Homer|https://nohomers.net/forums/index.php?threads/rate-review-go-big-or-go-homer-yabf21.43727/
The Fat Blue Line|https://nohomers.net/forums/index.php?threads/rate-review-the-fat-blue-line-yabf22.43740/
Treehouse of Horror XXX|https://nohomers.net/forums/index.php?threads/rate-review-treehouse-of-horror-xxx-yabf18.43745/
Gorillas on the Mast|https://nohomers.net/forums/index.php?threads/rate-review-gorillas-on-the-mast-yabf20.43753/
Marge the Lumberjill|https://nohomers.net/forums/index.php?threads/rate-review-marge-the-lumberjill-zabf02.43763/
Livin' la Pura Vida|https://nohomers.net/forums/index.php?threads/rate-review-livin-la-pura-vida-zabf03.43771/
Thanksgiving of Horror|https://nohomers.net/forums/index.php?threads/rate-review-thanksgiving-of-horror-yabf17.43778/
Todd, Todd, Why Hast Thou Forsaken Me?|https://nohomers.net/forums/index.php?threads/rate-review-todd-todd-why-hast-thou-forsaken-me-zabf04.43783/
Bobby, It's Cold Outside|https://nohomers.net/forums/index.php?threads/rate-review-bobby-its-cold-outside-zabf01.43792/
Hail to the Teeth|https://nohomers.net/forums/index.php?threads/rate-review-hail-to-the-teeth-zabf05.43808/
The Miseducation of Lisa Simpson|https://nohomers.net/forums/index.php?threads/rate-review-the-miseducation-of-lisa-simpson-zabf06.43823/
Frinkcoin|https://nohomers.net/forums/index.php?threads/rate-review-frinkcoin-zabf07.43830/
Bart the Bad Guy|https://nohomers.net/forums/index.php?threads/rate-review-bart-the-bad-guy-zabf08.43832/
Screenless|https://nohomers.net/forums/index.php?threads/rate-review-screenless-zabf09.43839/
Better Off Ned|https://nohomers.net/forums/index.php?threads/rate-review-better-off-ned-zabf11.43844/
Highway to Well|https://nohomers.net/forums/index.php?threads/rate-review-highway-to-well-zabf10.43855/
The Incredible Lightness of Being a Baby|https://nohomers.net/forums/index.php?threads/rate-review-the-incredible-lightness-of-being-a-baby-yabf13.43883/
Warrin' Priests|https://nohomers.net/forums/index.php?threads/rate-review-warrin-priests-zabf12-zabf13.43892/
The Hateful Eight-Year-Olds|https://nohomers.net/forums/index.php?threads/rate-review-the-hateful-eight-year-olds-zabf14.43909/
The Way of the Dog|https://nohomers.net/forums/index.php?threads/rate-review-the-way-of-the-dog-zabf16.43919/
Undercover Burns|https://nohomers.net/forums/index.php?threads/rate-review-undercover-burns-zabf19.44150/
I, Carumbus|https://nohomers.net/forums/index.php?threads/rate-review-i-carumbus-zabf18.44157/
Now Museum, Now You Don't|https://nohomers.net/forums/index.php?threads/rate-review-now-museum-now-you-dont-zabf21.44167/
Treehouse of Horror XXXI|https://nohomers.net/forums/index.php?threads/rate-review-treehouse-of-horror-xxxi-zabf17.44168/
The 7 Beer Itch|https://nohomers.net/forums/index.php?threads/rate-review-the-7-beer-itch-zabf15.44192/
Podcast News|https://nohomers.net/forums/index.php?threads/rate-review-podcast-news-zabf22.44203/
Three Dreams Denied|https://nohomers.net/forums/index.php?threads/rate-review-three-dreams-denied-qabf02.44208/
The Road to Cincinnati|https://nohomers.net/forums/index.php?threads/rate-review-the-road-to-cincinnati-zabf20.44224/
Sorry Not Sorry|https://nohomers.net/forums/index.php?threads/rate-review-sorry-not-sorry-qabf01.44237/
A Springfield Summer Christmas for Christmas|https://nohomers.net/forums/index.php?threads/rate-review-a-springfield-summer-christmas-for-christmas-qabf03.44254/
The Dad-Feelings Limited|https://nohomers.net/forums/index.php?threads/rate-review-the-dad-feelings-limited-qabf04.44285/
Diary Queen|https://nohomers.net/forums/index.php?threads/rate-review-diary-queen-qabf05.44330/
Wad Goals|https://nohomers.net/forums/index.php?threads/rate-review-wad-goals-qabf06.44353/
Yokel Hero|https://nohomers.net/forums/index.php?threads/rate-review-yokel-hero-qabf07.44368/
Do PizzaBots Dream of Electric Guitars?|https://nohomers.net/forums/index.php?threads/rate-review-do-pizzabots-dream-of-electric-guitars-qabf08.44380/
Manger Things|https://nohomers.net/forums/index.php?threads/rate-review-manger-things-qabf09.44390/
Uncut Femmes|https://nohomers.net/forums/index.php?threads/rate-review-uncut-femmes-qabf10.44403/
Burger Kings|https://nohomers.net/forums/index.php?threads/rate-review-burger-kings-qabf11.44418/
Panic on the Streets of Springfield|https://nohomers.net/forums/index.php?threads/rate-review-panic-on-the-streets-of-springfield-qabf12.44432/
Mother and Child Reunion|https://nohomers.net/forums/index.php?threads/rate-review-mother-and-child-reunion-qabf14.44466/
The Man from G.R.A.M.P.A.|https://nohomers.net/forums/index.php?threads/rate-review-the-man-from-g-r-a-m-p-a-qabf13.44474/
The Last Barfighter|https://nohomers.net/forums/index.php?threads/rate-review-the-last-barfighter-qabf15.44492/
The Star of the Backstage|https://nohomers.net/forums/index.php?threads/rate-review-the-star-of-the-backstage-qabf17.55699/
Bart's in Jail!|https://nohomers.net/forums/index.php?threads/rate-review-barts-in-jail-qabf18.55744/
Treehouse of Horror XXXII|https://nohomers.net/forums/index.php?threads/rate-review-treehouse-of-horror-xxxii-qabf16.55772/
The Wayz We Were|https://nohomers.net/forums/index.php?threads/rate-review-the-wayz-we-were-qabf19.55795/
Lisa's Belly|https://nohomers.net/forums/index.php?threads/rate-review-lisas-belly-qabf20.55805/
A Serious Flanders|https://nohomers.net/forums/index.php?threads/rate-review-a-serious-flanders-qabf21-qabf22.55845/
Portrait of a Lackey on Fire|https://nohomers.net/forums/index.php?threads/rate-review-portrait-of-a-lackey-on-fire-uabf01.55876/
Mothers and Other Strangers|https://nohomers.net/forums/index.php?threads/rate-review-mothers-and-other-strangers-uabf02.55891
A Made Maggie|https://nohomers.net/forums/index.php?threads/rate-review-a-made-maggie-uabf03.55924/
The Longest Marge|https://nohomers.net/forums/index.php?threads/rate-review-the-longest-marge-uabf05.55983/
Pixelated and Afraid|https://nohomers.net/forums/index.php?threads/rate-review-pixelated-and-afraid-uabf06.56102/
Boyz N the Highlands|https://nohomers.net/forums/index.php?threads/rate-review-boyz-n-the-highlands-uabf06.56120/
You Won't Believe What This Episode Is About  Act Three Will Shock You!|https://nohomers.net/forums/index.php?threads/rate-review-you-wont-believe-what-this-episode-is-about-%E2%80%93-act-three-will-shock-you-uabf07.56132/
Bart the Cool Kid|https://nohomers.net/forums/index.php?threads/rate-review-bart-the-cool-kid-uabf08.56142/
Pretty Whittle Liar|https://nohomers.net/forums/index.php?threads/rate-review-pretty-whittle-liar-uabf09.56167/
The Sound of Bleeding Gums|https://nohomers.net/forums/index.php?threads/rate-review-the-sound-of-bleeding-gums-uabf10.56200/
My Octopus and a Teacher|https://nohomers.net/forums/index.php?threads/rate-review-my-octopus-and-a-teacher-uabf11.56229/
Girls Just Shauna Have Fun|https://nohomers.net/forums/index.php?threads/rate-review-girls-just-shauna-have-fun-uabf12.56258/
Marge the Meanie|https://nohomers.net/forums/index.php?threads/rate-review-marge-the-meanie-uabf15.56300/
Meat is Murder|https://nohomers.net/forums/index.php?threads/rate-review-meat-is-murder-uabf13.56321/
Poorhouse Rock|https://nohomers.net/forums/index.php?threads/rate-review-poorhouse-rock-uabf14.56336/
Habeas Tortoise|https://nohomers.net/forums/index.php?threads/rate-review-habeas-tortoise-uabf16.56699/
One Angry Lisa|https://nohomers.net/forums/index.php?threads/rate-review-one-angry-lisa-uabf19.56718/
Lisa the Boy Scout|https://nohomers.net/forums/index.php?threads/rate-review-lisa-the-boy-scout-uabf21.56739/
The King of Nice|https://nohomers.net/forums/index.php?threads/rate-review-the-king-of-nice-uabf20.56767/
Not It|https://nohomers.net/forums/index.php?threads/rate-review-not-it-uabf17.56785/
Treehouse of Horror XXXIII|https://nohomers.net/forums/index.php?threads/rate-review-treehouse-of-horror-xxxiii-uabf18.56795/
From Beer to Paternity|https://nohomers.net/forums/index.php?threads/rate-review-from-beer-to-paternity-oabf01.56821/
Step Brother from the Same Planet|https://nohomers.net/forums/index.php?threads/rate-review-step-brother-from-the-same-planet-uabf22.56839/
When Nelson Met Lisa...|https://nohomers.net/forums/index.php?threads/rate-review-when-nelson-met-lisa-oabf02.56861/
Game Done Changed|https://nohomers.net/forums/index.php?threads/rate-review-game-done-changed-oabf03.56884/
Top Goon|https://nohomers.net/forums/index.php?threads/rate-review-top-goon-oabf04.56927/
My Life as a Vlog|https://nohomers.net/forums/index.php?threads/rate-review-my-life-as-a-vlog-oabf05.56981/
The Many Saints of Springfield|https://nohomers.net/forums/index.php?threads/rate-review-the-many-saints-of-springfield-oabf06.57140/
Carl Carlson Rides Again|https://nohomers.net/forums/index.php?threads/rate-review-carl-carlson-rides-again-oabf07.57159/
Bartless|https://nohomers.net/forums/index.php?threads/rate-review-bartless-oabf08.57172/
Hostile Kirk Place|https://nohomers.net/forums/index.php?threads/rate-review-hostile-kirk-place-oabf09.57196/
Pin Gal|https://nohomers.net/forums/index.php?threads/rate-review-pin-gal-oabf10.57219/
Fan-ily Feud|https://nohomers.net/forums/index.php?threads/rate-review-fan-ily-feud-oabf11.57351/
Write Off This Episode|https://nohomers.net/forums/index.php?threads/rate-review-write-off-this-episode-oabf12.57372/
The Very Hungry Caterpillars|https://nohomers.net/forums/index.php?threads/rate-review-the-very-hungry-caterpillars-oabf14.57394/
Clown V. Board of Education|https://nohomers.net/forums/index.php?threads/rate-review-clown-v-board-of-education-oabf15.57414/
Homer's Adventures Through the Windshield Glass|https://nohomers.net/forums/index.php?threads/rate-review-homers-adventures-through-the-windshield-glass-oabf13.57441/
Homer's Crossing|https://nohomers.net/forums/index.php?threads/rate-review-homers-crossing-oabf18.57767/
A Mid-Childhood Night's Dream|https://nohomers.net/forums/index.php?threads/rate-review-a-mid-childhood-nights-dream-oabf16.57783/
McMansion & Wife|https://nohomers.net/forums/index.php?threads/rate-review-mcmansion-wife-oabf20.57807/
Thirst Trap: A Corporate Love Story|https://nohomers.net/forums/index.php?threads/rate-review-thirst-trap-a-corporate-love-story-oabf21.57823/
Treehouse of Horror XXXIV|https://nohomers.net/forums/index.php?threads/rate-review-treehouse-of-horror-xxxiv-oabf17.57834/
Iron Marge|https://nohomers.net/forums/index.php?threads/rate-review-iron-marge-oabf22.57856/
It's a Blunderful Life|https://nohomers.net/forums/index.php?threads/rate-review-its-a-blunderful-life-oabf19.57887/
Ae Bonny Romance|https://nohomers.net/forums/index.php?threads/rate-review-ae-bonny-romance-35abf02.57917/
Murder, She Boat|https://nohomers.net/forums/index.php?threads/rate-review-murder-she-boat-35abf04.57960/
Do the Wrong Thing|https://nohomers.net/forums/index.php?threads/rate-review-do-the-wrong-thing-35abf01.57984/
Frinkenstein's Monster|https://nohomers.net/forums/index.php?threads/rate-review-frinkensteins-monster-35abf03.58154/
Lisa Gets an F1|https://nohomers.net/forums/index.php?threads/rate-review-lisa-gets-an-f1-35abf05.58184/
Clan of the Cave Mom|https://nohomers.net/forums/index.php?threads/rate-review-clan-of-the-cave-mom-35abf06.58262/
